position_id,x_m,y_m,block_id,master_role,heading_phase_degrees,heading_degrees,camera_ids,geometry_visible_camera_ids
P0000,-8.0,-8.8,B01_00,commissioning_fit,11.154126,11.154126;56.154126;101.154126;146.154126;191.154126;236.154126;281.154126;326.154126,camera_A;camera_B;camera_C;camera_D;camera_E,camera_B;camera_C
P0001,-7.6,-8.8,B01_00,commissioning_fit,11.154126,11.154126;56.154126;101.154126;146.154126;191.154126;236.154126;281.154126;326.154126,camera_A;camera_B;camera_C;camera_D;camera_E,camera_B;camera_C
P0002,-6.8,-8.8,B01_00,commissioning_fit,11.154126,11.154126;56.154126;101.154126;146.154126;191.154126;236.154126;281.154126;326.154126,camera_A;camera_B;camera_C;camera_D;camera_E,camera_B;camera_C
P0003,-6.0,-8.8,B01_00,commissioning_fit,11.154126,11.154126;56.154126;101.154126;146.154126;191.154126;236.154126;281.154126;326.154126,camera_A;camera_B;camera_C;camera_D;camera_E,camera_A;camera_B;camera_C
P0004,-5.2,-8.8,B02_00,commissioning_fit,26.428536,26.428536;71.428536;116.428536;161.428536;206.428536;251.428536;296.428536;341.428536,camera_A;camera_B;camera_C;camera_D;camera_E,camera_A
P0005,-1.2,-8.8,B03_00,commissioning_fit,25.185367,25.185367;70.185367;115.185367;160.185367;205.185367;250.185367;295.185367;340.185367,camera_A;camera_B;camera_C;camera_D;camera_E,camera_E
P0006,0.0,-8.8,B03_00,commissioning_fit,25.185367,25.185367;70.185367;115.185367;160.185367;205.185367;250.185367;295.185367;340.185367,camera_A;camera_B;camera_C;camera_D;camera_E,camera_E
P0007,1.2,-8.8,B04_00,commissioning_fit,42.777114,42.777114;87.777114;132.777114;177.777114;222.777114;267.777114;312.777114;357.777114,camera_A;camera_B;camera_C;camera_D;camera_E,camera_E
P0008,2.0,-8.8,B04_00,commissioning_fit,42.777114,42.777114;87.777114;132.777114;177.777114;222.777114;267.777114;312.777114;357.777114,camera_A;camera_B;camera_C;camera_D;camera_E,camera_A
P0009,6.0,-8.8,B05_00,final_audit,43.723894,43.723894;88.723894;133.723894;178.723894;223.723894;268.723894;313.723894;358.723894,camera_A;camera_B;camera_C;camera_D;camera_E,camera_E
P0010,6.4,-8.8,B05_00,final_audit,43.723894,43.723894;88.723894;133.723894;178.723894;223.723894;268.723894;313.723894;358.723894,camera_A;camera_B;camera_C;camera_D;camera_E,camera_E
P0011,7.2,-8.8,B06_00,commissioning_fit,21.335466,21.335466;66.335466;111.335466;156.335466;201.335466;246.335466;291.335466;336.335466,camera_A;camera_B;camera_C;camera_D;camera_E,camera_E
P0012,8.0,-8.8,B06_00,commissioning_fit,21.335466,21.335466;66.335466;111.335466;156.335466;201.335466;246.335466;291.335466;336.335466,camera_A;camera_B;camera_C;camera_D;camera_E,camera_A;camera_E
P0013,8.4,-8.8,B06_00,commissioning_fit,21.335466,21.335466;66.335466;111.335466;156.335466;201.335466;246.335466;291.335466;336.335466,camera_A;camera_B;camera_C;camera_D;camera_E,camera_A;camera_E
P0014,8.8,-8.8,B06_00,commissioning_fit,21.335466,21.335466;66.335466;111.335466;156.335466;201.335466;246.335466;291.335466;336.335466,camera_A;camera_B;camera_C;camera_D;camera_E,camera_D;camera_E
P0015,9.6,-8.8,B06_00,commissioning_fit,21.335466,21.335466;66.335466;111.335466;156.335466;201.335466;246.335466;291.335466;336.335466,camera_A;camera_B;camera_C;camera_D;camera_E,camera_D;camera_E
P0016,10.0,-8.8,B06_00,commissioning_fit,21.335466,21.335466;66.335466;111.335466;156.335466;201.335466;246.335466;291.335466;336.335466,camera_A;camera_B;camera_C;camera_D;camera_E,camera_D
P0017,10.4,-8.8,B07_00,detector_fit,15.709319,15.709319;60.709319;105.709319;150.709319;195.709319;240.709319;285.709319;330.709319,camera_A;camera_B;camera_C;camera_D;camera_E,
P0018,10.8,-8.8,B07_00,detector_fit,15.709319,15.709319;60.709319;105.709319;150.709319;195.709319;240.709319;285.709319;330.709319,camera_A;camera_B;camera_C;camera_D;camera_E,
P0019,-8.0,-8.4,B01_00,commissioning_fit,11.154126,11.154126;56.154126;101.154126;146.154126;191.154126;236.154126;281.154126;326.154126,camera_A;camera_B;camera_C;camera_D;camera_E,camera_B;camera_C
P0020,-7.2,-8.4,B01_00,commissioning_fit,11.154126,11.154126;56.154126;101.154126;146.154126;191.154126;236.154126;281.154126;326.154126,camera_A;camera_B;camera_C;camera_D;camera_E,camera_B;camera_C
P0021,-6.4,-8.4,B01_00,commissioning_fit,11.154126,11.154126;56.154126;101.154126;146.154126;191.154126;236.154126;281.154126;326.154126,camera_A;camera_B;camera_C;camera_D;camera_E,camera_B;camera_C
P0022,-6.0,-8.4,B01_00,commissioning_fit,11.154126,11.154126;56.154126;101.154126;146.154126;191.154126;236.154126;281.154126;326.154126,camera_A;camera_B;camera_C;camera_D;camera_E,camera_A;camera_B;camera_C
P0023,-5.6,-8.4,B02_00,commissioning_fit,26.428536,26.428536;71.428536;116.428536;161.428536;206.428536;251.428536;296.428536;341.428536,camera_A;camera_B;camera_C;camera_D;camera_E,camera_A
P0024,-1.2,-8.4,B03_00,commissioning_fit,25.185367,25.185367;70.185367;115.185367;160.185367;205.185367;250.185367;295.185367;340.185367,camera_A;camera_B;camera_C;camera_D;camera_E,camera_E
P0025,-0.4,-8.4,B03_00,commissioning_fit,25.185367,25.185367;70.185367;115.185367;160.185367;205.185367;250.185367;295.185367;340.185367,camera_A;camera_B;camera_C;camera_D;camera_E,camera_E
P0026,0.8,-8.4,B04_00,commissioning_fit,42.777114,42.777114;87.777114;132.777114;177.777114;222.777114;267.777114;312.777114;357.777114,camera_A;camera_B;camera_C;camera_D;camera_E,camera_E
P0027,1.6,-8.4,B04_00,commissioning_fit,42.777114,42.777114;87.777114;132.777114;177.777114;222.777114;267.777114;312.777114;357.777114,camera_A;camera_B;camera_C;camera_D;camera_E,camera_A
P0028,6.0,-8.4,B05_00,final_audit,43.723894,43.723894;88.723894;133.723894;178.723894;223.723894;268.723894;313.723894;358.723894,camera_A;camera_B;camera_C;camera_D;camera_E,camera_E
P0029,6.4,-8.4,B05_00,final_audit,43.723894,43.723894;88.723894;133.723894;178.723894;223.723894;268.723894;313.723894;358.723894,camera_A;camera_B;camera_C;camera_D;camera_E,camera_E
P0030,7.2,-8.4,B06_00,commissioning_fit,21.335466,21.335466;66.335466;111.335466;156.335466;201.335466;246.335466;291.335466;336.335466,camera_A;camera_B;camera_C;camera_D;camera_E,camera_E
P0031,8.0,-8.4,B06_00,commissioning_fit,21.335466,21.335466;66.335466;111.335466;156.335466;201.335466;246.335466;291.335466;336.335466,camera_A;camera_B;camera_C;camera_D;camera_E,camera_A;camera_E
P0032,8.4,-8.4,B06_00,commissioning_fit,21.335466,21.335466;66.335466;111.335466;156.335466;201.335466;246.335466;291.335466;336.335466,camera_A;camera_B;camera_C;camera_D;camera_E,camera_A;camera_E
P0033,8.8,-8.4,B06_00,commissioning_fit,21.335466,21.335466;66.335466;111.335466;156.335466;201.335466;246.335466;291.335466;336.335466,camera_A;camera_B;camera_C;camera_D;camera_E,camera_A;camera_D;camera_E
P0034,9.6,-8.4,B06_00,commissioning_fit,21.335466,21.335466;66.335466;111.335466;156.335466;201.335466;246.335466;291.335466;336.335466,camera_A;camera_B;camera_C;camera_D;camera_E,camera_A;camera_D;camera_E
P0035,10.0,-8.4,B06_00,commissioning_fit,21.335466,21.335466;66.335466;111.335466;156.335466;201.335466;246.335466;291.335466;336.335466,camera_A;camera_B;camera_C;camera_D;camera_E,camera_A;camera_D;camera_E
P0036,10.4,-8.4,B07_00,detector_fit,15.709319,15.709319;60.709319;105.709319;150.709319;195.709319;240.709319;285.709319;330.709319,camera_A;camera_B;camera_C;camera_D;camera_E,camera_A;camera_D
P0037,10.8,-8.4,B07_00,detector_fit,15.709319,15.709319;60.709319;105.709319;150.709319;195.709319;240.709319;285.709319;330.709319,camera_A;camera_B;camera_C;camera_D;camera_E,camera_A
P0038,-8.0,-8.0,B01_00,commissioning_fit,11.154126,11.154126;56.154126;101.154126;146.154126;191.154126;236.154126;281.154126;326.154126,camera_A;camera_B;camera_C;camera_D;camera_E,camera_B;camera_C
P0039,-7.6,-8.0,B01_00,commissioning_fit,11.154126,11.154126;56.154126;101.154126;146.154126;191.154126;236.154126;281.154126;326.154126,camera_A;camera_B;camera_C;camera_D;camera_E,camera_B;camera_C
P0040,-6.8,-8.0,B01_00,commissioning_fit,11.154126,11.154126;56.154126;101.154126;146.154126;191.154126;236.154126;281.154126;326.154126,camera_A;camera_B;camera_C;camera_D;camera_E,camera_B;camera_C
P0041,-6.0,-8.0,B01_00,commissioning_fit,11.154126,11.154126;56.154126;101.154126;146.154126;191.154126;236.154126;281.154126;326.154126,camera_A;camera_B;camera_C;camera_D;camera_E,camera_A;camera_B;camera_C
P0042,-5.6,-8.0,B02_00,commissioning_fit,26.428536,26.428536;71.428536;116.428536;161.428536;206.428536;251.428536;296.428536;341.428536,camera_A;camera_B;camera_C;camera_D;camera_E,camera_A
P0043,-1.2,-8.0,B03_00,commissioning_fit,25.185367,25.185367;70.185367;115.185367;160.185367;205.185367;250.185367;295.185367;340.185367,camera_A;camera_B;camera_C;camera_D;camera_E,camera_B;camera_E
P0044,0.0,-8.0,B03_00,commissioning_fit,25.185367,25.185367;70.185367;115.185367;160.185367;205.185367;250.185367;295.185367;340.185367,camera_A;camera_B;camera_C;camera_D;camera_E,camera_E
P0045,0.8,-8.0,B04_00,commissioning_fit,42.777114,42.777114;87.777114;132.777114;177.777114;222.777114;267.777114;312.777114;357.777114,camera_A;camera_B;camera_C;camera_D;camera_E,camera_D;camera_E
P0046,1.6,-8.0,B04_00,commissioning_fit,42.777114,42.777114;87.777114;132.777114;177.777114;222.777114;267.777114;312.777114;357.777114,camera_A;camera_B;camera_C;camera_D;camera_E,camera_A
P0047,6.0,-8.0,B05_00,final_audit,43.723894,43.723894;88.723894;133.723894;178.723894;223.723894;268.723894;313.723894;358.723894,camera_A;camera_B;camera_C;camera_D;camera_E,camera_E
P0048,6.8,-8.0,B05_00,final_audit,43.723894,43.723894;88.723894;133.723894;178.723894;223.723894;268.723894;313.723894;358.723894,camera_A;camera_B;camera_C;camera_D;camera_E,camera_E
P0049,7.6,-8.0,B06_00,commissioning_fit,21.335466,21.335466;66.335466;111.335466;156.335466;201.335466;246.335466;291.335466;336.335466,camera_A;camera_B;camera_C;camera_D;camera_E,camera_A;camera_E
P0050,8.0,-8.0,B06_00,commissioning_fit,21.335466,21.335466;66.335466;111.335466;156.335466;201.335466;246.335466;291.335466;336.335466,camera_A;camera_B;camera_C;camera_D;camera_E,camera_A;camera_E
P0051,8.4,-8.0,B06_00,commissioning_fit,21.335466,21.335466;66.335466;111.335466;156.335466;201.335466;246.335466;291.335466;336.335466,camera_A;camera_B;camera_C;camera_D;camera_E,camera_A;camera_E
P0052,8.8,-8.0,B06_00,commissioning_fit,21.335466,21.335466;66.335466;111.335466;156.335466;201.335466;246.335466;291.335466;336.335466,camera_A;camera_B;camera_C;camera_D;camera_E,camera_A;camera_D;camera_E
P0053,9.6,-8.0,B06_00,commissioning_fit,21.335466,21.335466;66.335466;111.335466;156.335466;201.335466;246.335466;291.335466;336.335466,camera_A;camera_B;camera_C;camera_D;camera_E,camera_A;camera_D;camera_E
P0054,10.0,-8.0,B06_00,commissioning_fit,21.335466,21.335466;66.335466;111.335466;156.335466;201.335466;246.335466;291.335466;336.335466,camera_A;camera_B;camera_C;camera_D;camera_E,camera_A;camera_D;camera_E
P0055,10.4,-8.0,B07_00,detector_fit,15.709319,15.709319;60.709319;105.709319;150.709319;195.709319;240.709319;285.709319;330.709319,camera_A;camera_B;camera_C;camera_D;camera_E,camera_A;camera_D;camera_E
P0056,10.8,-8.0,B07_00,detector_fit,15.709319,15.709319;60.709319;105.709319;150.709319;195.709319;240.709319;285.709319;330.709319,camera_A;camera_B;camera_C;camera_D;camera_E,camera_A
P0057,-8.0,-7.6,B01_00,commissioning_fit,11.154126,11.154126;56.154126;101.154126;146.154126;191.154126;236.154126;281.154126;326.154126,camera_A;camera_B;camera_C;camera_D;camera_E,camera_B;camera_C;camera_E
P0058,-7.2,-7.6,B01_00,commissioning_fit,11.154126,11.154126;56.154126;101.154126;146.154126;191.154126;236.154126;281.154126;326.154126,camera_A;camera_B;camera_C;camera_D;camera_E,camera_B;camera_C;camera_E
P0059,-6.4,-7.6,B01_00,commissioning_fit,11.154126,11.154126;56.154126;101.154126;146.154126;191.154126;236.154126;281.154126;326.154126,camera_A;camera_B;camera_C;camera_D;camera_E,camera_B;camera_C;camera_E
P0060,-6.0,-7.6,B01_00,commissioning_fit,11.154126,11.154126;56.154126;101.154126;146.154126;191.154126;236.154126;281.154126;326.154126,camera_A;camera_B;camera_C;camera_D;camera_E,camera_A;camera_B;camera_C;camera_E
P0061,-5.2,-7.6,B02_00,commissioning_fit,26.428536,26.428536;71.428536;116.428536;161.428536;206.428536;251.428536;296.428536;341.428536,camera_A;camera_B;camera_C;camera_D;camera_E,camera_A;camera_E
P0062,-1.6,-7.6,B03_00,commissioning_fit,25.185367,25.185367;70.185367;115.185367;160.185367;205.185367;250.185367;295.185367;340.185367,camera_A;camera_B;camera_C;camera_D;camera_E,camera_A;camera_B;camera_E
P0063,-0.4,-7.6,B03_00,commissioning_fit,25.185367,25.185367;70.185367;115.185367;160.185367;205.185367;250.185367;295.185367;340.185367,camera_A;camera_B;camera_C;camera_D;camera_E,camera_A;camera_B;camera_E
P0064,0.4,-7.6,B03_00,commissioning_fit,25.185367,25.185367;70.185367;115.185367;160.185367;205.185367;250.185367;295.185367;340.185367,camera_A;camera_B;camera_C;camera_D;camera_E,camera_A;camera_B;camera_D;camera_E
P0065,1.2,-7.6,B04_00,commissioning_fit,42.777114,42.777114;87.777114;132.777114;177.777114;222.777114;267.777114;312.777114;357.777114,camera_A;camera_B;camera_C;camera_D;camera_E,camera_A;camera_E
P0066,2.0,-7.6,B04_00,commissioning_fit,42.777114,42.777114;87.777114;132.777114;177.777114;222.777114;267.777114;312.777114;357.777114,camera_A;camera_B;camera_C;camera_D;camera_E,camera_A;camera_E
P0067,5.6,-7.6,B05_00,final_audit,43.723894,43.723894;88.723894;133.723894;178.723894;223.723894;268.723894;313.723894;358.723894,camera_A;camera_B;camera_C;camera_D;camera_E,camera_A;camera_E
P0068,6.4,-7.6,B05_00,final_audit,43.723894,43.723894;88.723894;133.723894;178.723894;223.723894;268.723894;313.723894;358.723894,camera_A;camera_B;camera_C;camera_D;camera_E,camera_A;camera_E
P0069,7.2,-7.6,B06_00,commissioning_fit,21.335466,21.335466;66.335466;111.335466;156.335466;201.335466;246.335466;291.335466;336.335466,camera_A;camera_B;camera_C;camera_D;camera_E,camera_A;camera_E
P0070,8.0,-7.6,B06_00,commissioning_fit,21.335466,21.335466;66.335466;111.335466;156.335466;201.335466;246.335466;291.335466;336.335466,camera_A;camera_B;camera_C;camera_D;camera_E,camera_A;camera_E
P0071,9.2,-7.6,B06_00,commissioning_fit,21.335466,21.335466;66.335466;111.335466;156.335466;201.335466;246.335466;291.335466;336.335466,camera_A;camera_B;camera_C;camera_D;camera_E,camera_A;camera_D;camera_E
P0072,9.6,-7.6,B06_00,commissioning_fit,21.335466,21.335466;66.335466;111.335466;156.335466;201.335466;246.335466;291.335466;336.335466,camera_A;camera_B;camera_C;camera_D;camera_E,camera_A;camera_D;camera_E
P0073,10.4,-7.6,B07_00,detector_fit,15.709319,15.709319;60.709319;105.709319;150.709319;195.709319;240.709319;285.709319;330.709319,camera_A;camera_B;camera_C;camera_D;camera_E,camera_A;camera_D;camera_E
P0074,10.8,-7.6,B07_00,detector_fit,15.709319,15.709319;60.709319;105.709319;150.709319;195.709319;240.709319;285.709319;330.709319,camera_A;camera_B;camera_C;camera_D;camera_E,camera_A;camera_E
P0075,-7.6,-7.2,B01_00,commissioning_fit,11.154126,11.154126;56.154126;101.154126;146.154126;191.154126;236.154126;281.154126;326.154126,camera_A;camera_B;camera_C;camera_D;camera_E,camera_B;camera_C;camera_E
P0076,-6.8,-7.2,B01_00,commissioning_fit,11.154126,11.154126;56.154126;101.154126;146.154126;191.154126;236.154126;281.154126;326.154126,camera_A;camera_B;camera_C;camera_D;camera_E,camera_B;camera_C;camera_E
P0077,-5.6,-7.2,B02_00,commissioning_fit,26.428536,26.428536;71.428536;116.428536;161.428536;206.428536;251.428536;296.428536;341.428536,camera_A;camera_B;camera_C;camera_D;camera_E,camera_A;camera_B;camera_E
P0078,-4.4,-7.2,B02_00,commissioning_fit,26.428536,26.428536;71.428536;116.428536;161.428536;206.428536;251.428536;296.428536;341.428536,camera_A;camera_B;camera_C;camera_D;camera_E,camera_A;camera_B;camera_E
P0079,-4.0,-7.2,B02_00,commissioning_fit,26.428536,26.428536;71.428536;116.428536;161.428536;206.428536;251.428536;296.428536;341.428536,camera_A;camera_B;camera_C;camera_D;camera_E,camera_A;camera_B;camera_E
P0080,-3.2,-7.2,B02_00,commissioning_fit,26.428536,26.428536;71.428536;116.428536;161.428536;206.428536;251.428536;296.428536;341.428536,camera_A;camera_B;camera_C;camera_D;camera_E,camera_A;camera_B;camera_E
P0081,-2.8,-7.2,B02_00,commissioning_fit,26.428536,26.428536;71.428536;116.428536;161.428536;206.428536;251.428536;296.428536;341.428536,camera_A;camera_B;camera_C;camera_D;camera_E,camera_A;camera_B;camera_E
P0082,-2.0,-7.2,B03_00,commissioning_fit,25.185367,25.185367;70.185367;115.185367;160.185367;205.185367;250.185367;295.185367;340.185367,camera_A;camera_B;camera_C;camera_D;camera_E,camera_A;camera_B;camera_E
P0083,-1.2,-7.2,B03_00,commissioning_fit,25.185367,25.185367;70.185367;115.185367;160.185367;205.185367;250.185367;295.185367;340.185367,camera_A;camera_B;camera_C;camera_D;camera_E,camera_A;camera_B;camera_E
P0084,0.0,-7.2,B03_00,commissioning_fit,25.185367,25.185367;70.185367;115.185367;160.185367;205.185367;250.185367;295.185367;340.185367,camera_A;camera_B;camera_C;camera_D;camera_E,camera_A;camera_B;camera_D;camera_E
P0085,0.8,-7.2,B04_00,commissioning_fit,42.777114,42.777114;87.777114;132.777114;177.777114;222.777114;267.777114;312.777114;357.777114,camera_A;camera_B;camera_C;camera_D;camera_E,camera_A;camera_B;camera_D;camera_E
P0086,1.6,-7.2,B04_00,commissioning_fit,42.777114,42.777114;87.777114;132.777114;177.777114;222.777114;267.777114;312.777114;357.777114,camera_A;camera_B;camera_C;camera_D;camera_E,camera_A;camera_E
P0087,2.4,-7.2,B04_00,commissioning_fit,42.777114,42.777114;87.777114;132.777114;177.777114;222.777114;267.777114;312.777114;357.777114,camera_A;camera_B;camera_C;camera_D;camera_E,camera_A;camera_E
P0088,3.2,-7.2,B04_00,commissioning_fit,42.777114,42.777114;87.777114;132.777114;177.777114;222.777114;267.777114;312.777114;357.777114,camera_A;camera_B;camera_C;camera_D;camera_E,camera_A;camera_E
P0089,4.0,-7.2,B05_00,final_audit,43.723894,43.723894;88.723894;133.723894;178.723894;223.723894;268.723894;313.723894;358.723894,camera_A;camera_B;camera_C;camera_D;camera_E,camera_A;camera_E
P0090,4.4,-7.2,B05_00,final_audit,43.723894,43.723894;88.723894;133.723894;178.723894;223.723894;268.723894;313.723894;358.723894,camera_A;camera_B;camera_C;camera_D;camera_E,camera_A;camera_E
P0091,5.2,-7.2,B05_00,final_audit,43.723894,43.723894;88.723894;133.723894;178.723894;223.723894;268.723894;313.723894;358.723894,camera_A;camera_B;camera_C;camera_D;camera_E,camera_A;camera_E
P0092,6.0,-7.2,B05_00,final_audit,43.723894,43.723894;88.723894;133.723894;178.723894;223.723894;268.723894;313.723894;358.723894,camera_A;camera_B;camera_C;camera_D;camera_E,camera_A;camera_E
P0093,6.8,-7.2,B05_00,final_audit,43.723894,43.723894;88.723894;133.723894;178.723894;223.723894;268.723894;313.723894;358.723894,camera_A;camera_B;camera_C;camera_D;camera_E,camera_A;camera_E
P0094,7.6,-7.2,B06_00,commissioning_fit,21.335466,21.335466;66.335466;111.335466;156.335466;201.335466;246.335466;291.335466;336.335466,camera_A;camera_B;camera_C;camera_D;camera_E,camera_A;camera_E
P0095,8.4,-7.2,B06_00,commissioning_fit,21.335466,21.335466;66.335466;111.335466;156.335466;201.335466;246.335466;291.335466;336.335466,camera_A;camera_B;camera_C;camera_D;camera_E,camera_A;camera_E
P0096,8.8,-7.2,B06_00,commissioning_fit,21.335466,21.335466;66.335466;111.335466;156.335466;201.335466;246.335466;291.335466;336.335466,camera_A;camera_B;camera_C;camera_D;camera_E,camera_A;camera_E
P0097,10.0,-7.2,B06_00,commissioning_fit,21.335466,21.335466;66.335466;111.335466;156.335466;201.335466;246.335466;291.335466;336.335466,camera_A;camera_B;camera_C;camera_D;camera_E,camera_A;camera_D;camera_E
P0098,-10.8,-6.8,B00_00,commissioning_fit,44.955881,44.955881;89.955881;134.955881;179.955881;224.955881;269.955881;314.955881;359.955881,camera_A;camera_B;camera_C;camera_D;camera_E,camera_B
P0099,-10.0,-6.8,B00_00,commissioning_fit,44.955881,44.955881;89.955881;134.955881;179.955881;224.955881;269.955881;314.955881;359.955881,camera_A;camera_B;camera_C;camera_D;camera_E,camera_B;camera_E
P0100,-9.2,-6.8,B00_00,commissioning_fit,44.955881,44.955881;89.955881;134.955881;179.955881;224.955881;269.955881;314.955881;359.955881,camera_A;camera_B;camera_C;camera_D;camera_E,camera_B;camera_E
P0101,-8.4,-6.8,B01_00,commissioning_fit,11.154126,11.154126;56.154126;101.154126;146.154126;191.154126;236.154126;281.154126;326.154126,camera_A;camera_B;camera_C;camera_D;camera_E,camera_B;camera_E
P0102,-7.6,-6.8,B01_00,commissioning_fit,11.154126,11.154126;56.154126;101.154126;146.154126;191.154126;236.154126;281.154126;326.154126,camera_A;camera_B;camera_C;camera_D;camera_E,camera_B;camera_C;camera_E
P0103,-6.8,-6.8,B01_00,commissioning_fit,11.154126,11.154126;56.154126;101.154126;146.154126;191.154126;236.154126;281.154126;326.154126,camera_A;camera_B;camera_C;camera_D;camera_E,camera_B;camera_C;camera_E
P0104,-6.0,-6.8,B01_00,commissioning_fit,11.154126,11.154126;56.154126;101.154126;146.154126;191.154126;236.154126;281.154126;326.154126,camera_A;camera_B;camera_C;camera_D;camera_E,camera_A;camera_B;camera_C;camera_E
P0105,-5.2,-6.8,B02_00,commissioning_fit,26.428536,26.428536;71.428536;116.428536;161.428536;206.428536;251.428536;296.428536;341.428536,camera_A;camera_B;camera_C;camera_D;camera_E,camera_A;camera_B;camera_E
P0106,-4.8,-6.8,B02_00,commissioning_fit,26.428536,26.428536;71.428536;116.428536;161.428536;206.428536;251.428536;296.428536;341.428536,camera_A;camera_B;camera_C;camera_D;camera_E,camera_A;camera_B;camera_E
P0107,-3.6,-6.8,B02_00,commissioning_fit,26.428536,26.428536;71.428536;116.428536;161.428536;206.428536;251.428536;296.428536;341.428536,camera_A;camera_B;camera_C;camera_D;camera_E,camera_A;camera_B;camera_E
P0108,-2.8,-6.8,B02_00,commissioning_fit,26.428536,26.428536;71.428536;116.428536;161.428536;206.428536;251.428536;296.428536;341.428536,camera_A;camera_B;camera_C;camera_D;camera_E,camera_A;camera_B;camera_E
P0109,-2.0,-6.8,B03_00,commissioning_fit,25.185367,25.185367;70.185367;115.185367;160.185367;205.185367;250.185367;295.185367;340.185367,camera_A;camera_B;camera_C;camera_D;camera_E,camera_A;camera_B;camera_E
P0110,-0.8,-6.8,B03_00,commissioning_fit,25.185367,25.185367;70.185367;115.185367;160.185367;205.185367;250.185367;295.185367;340.185367,camera_A;camera_B;camera_C;camera_D;camera_E,camera_A;camera_B;camera_E
P0111,0.0,-6.8,B03_00,commissioning_fit,25.185367,25.185367;70.185367;115.185367;160.185367;205.185367;250.185367;295.185367;340.185367,camera_A;camera_B;camera_C;camera_D;camera_E,camera_A;camera_B;camera_D;camera_E
P0112,0.8,-6.8,B04_00,commissioning_fit,42.777114,42.777114;87.777114;132.777114;177.777114;222.777114;267.777114;312.777114;357.777114,camera_A;camera_B;camera_C;camera_D;camera_E,camera_A;camera_B;camera_D;camera_E
P0113,1.6,-6.8,B04_00,commissioning_fit,42.777114,42.777114;87.777114;132.777114;177.777114;222.777114;267.777114;312.777114;357.777114,camera_A;camera_B;camera_C;camera_D;camera_E,camera_A;camera_B;camera_D;camera_E
P0114,2.8,-6.8,B04_00,commissioning_fit,42.777114,42.777114;87.777114;132.777114;177.777114;222.777114;267.777114;312.777114;357.777114,camera_A;camera_B;camera_C;camera_D;camera_E,camera_A;camera_E
P0115,3.6,-6.8,B04_00,commissioning_fit,42.777114,42.777114;87.777114;132.777114;177.777114;222.777114;267.777114;312.777114;357.777114,camera_A;camera_B;camera_C;camera_D;camera_E,camera_A;camera_E
P0116,4.8,-6.8,B05_00,final_audit,43.723894,43.723894;88.723894;133.723894;178.723894;223.723894;268.723894;313.723894;358.723894,camera_A;camera_B;camera_C;camera_D;camera_E,camera_A;camera_E
P0117,5.6,-6.8,B05_00,final_audit,43.723894,43.723894;88.723894;133.723894;178.723894;223.723894;268.723894;313.723894;358.723894,camera_A;camera_B;camera_C;camera_D;camera_E,camera_A;camera_E
P0118,6.0,-6.8,B05_00,final_audit,43.723894,43.723894;88.723894;133.723894;178.723894;223.723894;268.723894;313.723894;358.723894,camera_A;camera_B;camera_C;camera_D;camera_E,camera_A;camera_E
P0119,6.4,-6.8,B05_00,final_audit,43.723894,43.723894;88.723894;133.723894;178.723894;223.723894;268.723894;313.723894;358.723894,camera_A;camera_B;camera_C;camera_D;camera_E,camera_A;camera_E
P0120,7.6,-6.8,B06_00,commissioning_fit,21.335466,21.335466;66.335466;111.335466;156.335466;201.335466;246.335466;291.335466;336.335466,camera_A;camera_B;camera_C;camera_D;camera_E,camera_A;camera_E
P0121,8.0,-6.8,B06_00,commissioning_fit,21.335466,21.335466;66.335466;111.335466;156.335466;201.335466;246.335466;291.335466;336.335466,camera_A;camera_B;camera_C;camera_D;camera_E,camera_A;camera_E
P0122,8.8,-6.8,B06_00,commissioning_fit,21.335466,21.335466;66.335466;111.335466;156.335466;201.335466;246.335466;291.335466;336.335466,camera_A;camera_B;camera_C;camera_D;camera_E,camera_A;camera_E
P0123,10.0,-6.8,B06_00,commissioning_fit,21.335466,21.335466;66.335466;111.335466;156.335466;201.335466;246.335466;291.335466;336.335466,camera_A;camera_B;camera_C;camera_D;camera_E,camera_A;camera_D;camera_E
P0124,10.8,-6.8,B07_00,detector_fit,15.709319,15.709319;60.709319;105.709319;150.709319;195.709319;240.709319;285.709319;330.709319,camera_A;camera_B;camera_C;camera_D;camera_E,camera_E
P0125,-10.4,-6.4,B00_01,final_audit,20.922877,20.922877;65.922877;110.922877;155.922877;200.922877;245.922877;290.922877;335.922877,camera_A;camera_B;camera_C;camera_D;camera_E,camera_B
P0126,-9.6,-6.4,B00_01,final_audit,20.922877,20.922877;65.922877;110.922877;155.922877;200.922877;245.922877;290.922877;335.922877,camera_A;camera_B;camera_C;camera_D;camera_E,camera_B;camera_E
P0127,-8.8,-6.4,B01_01,commissioning_fit,2.291665,2.291665;47.291665;92.291665;137.291665;182.291665;227.291665;272.291665;317.291665,camera_A;camera_B;camera_C;camera_D;camera_E,camera_B;camera_E
P0128,-8.0,-6.4,B01_01,commissioning_fit,2.291665,2.291665;47.291665;92.291665;137.291665;182.291665;227.291665;272.291665;317.291665,camera_A;camera_B;camera_C;camera_D;camera_E,camera_B;camera_C;camera_E
P0129,-7.2,-6.4,B01_01,commissioning_fit,2.291665,2.291665;47.291665;92.291665;137.291665;182.291665;227.291665;272.291665;317.291665,camera_A;camera_B;camera_C;camera_D;camera_E,camera_B;camera_C;camera_E
P0130,-6.4,-6.4,B01_01,commissioning_fit,2.291665,2.291665;47.291665;92.291665;137.291665;182.291665;227.291665;272.291665;317.291665,camera_A;camera_B;camera_C;camera_D;camera_E,camera_B;camera_C;camera_E
P0131,-5.6,-6.4,B02_01,detector_validation,26.533507,26.533507;71.533507;116.533507;161.533507;206.533507;251.533507;296.533507;341.533507,camera_A;camera_B;camera_C;camera_D;camera_E,camera_A;camera_B;camera_E
P0132,-4.4,-6.4,B02_01,detector_validation,26.533507,26.533507;71.533507;116.533507;161.533507;206.533507;251.533507;296.533507;341.533507,camera_A;camera_B;camera_C;camera_D;camera_E,camera_A;camera_B;camera_E
P0133,-4.0,-6.4,B02_01,detector_validation,26.533507,26.533507;71.533507;116.533507;161.533507;206.533507;251.533507;296.533507;341.533507,camera_A;camera_B;camera_C;camera_D;camera_E,camera_A;camera_B;camera_E
P0134,-3.2,-6.4,B02_01,detector_validation,26.533507,26.533507;71.533507;116.533507;161.533507;206.533507;251.533507;296.533507;341.533507,camera_A;camera_B;camera_C;camera_D;camera_E,camera_A;camera_B;camera_E
P0135,-2.4,-6.4,B03_01,detector_fit,36.175518,36.175518;81.175518;126.175518;171.175518;216.175518;261.175518;306.175518;351.175518,camera_A;camera_B;camera_C;camera_D;camera_E,camera_A;camera_B;camera_E
P0136,-1.6,-6.4,B03_01,detector_fit,36.175518,36.175518;81.175518;126.175518;171.175518;216.175518;261.175518;306.175518;351.175518,camera_A;camera_B;camera_C;camera_D;camera_E,camera_A;camera_B;camera_E
P0137,-0.4,-6.4,B03_01,detector_fit,36.175518,36.175518;81.175518;126.175518;171.175518;216.175518;261.175518;306.175518;351.175518,camera_A;camera_B;camera_C;camera_D;camera_E,camera_A;camera_B;camera_E
P0138,0.4,-6.4,B03_01,detector_fit,36.175518,36.175518;81.175518;126.175518;171.175518;216.175518;261.175518;306.175518;351.175518,camera_A;camera_B;camera_C;camera_D;camera_E,camera_A;camera_B;camera_D;camera_E
P0139,1.2,-6.4,B04_01,detector_fit,24.385359,24.385359;69.385359;114.385359;159.385359;204.385359;249.385359;294.385359;339.385359,camera_A;camera_B;camera_C;camera_D;camera_E,camera_A;camera_B;camera_D;camera_E
P0140,2.0,-6.4,B04_01,detector_fit,24.385359,24.385359;69.385359;114.385359;159.385359;204.385359;249.385359;294.385359;339.385359,camera_A;camera_B;camera_C;camera_D;camera_E,camera_A;camera_D;camera_E
P0141,3.2,-6.4,B04_01,detector_fit,24.385359,24.385359;69.385359;114.385359;159.385359;204.385359;249.385359;294.385359;339.385359,camera_A;camera_B;camera_C;camera_D;camera_E,camera_A;camera_E
P0142,4.0,-6.4,B05_01,commissioning_fit,14.594208,14.594208;59.594208;104.594208;149.594208;194.594208;239.594208;284.594208;329.594208,camera_A;camera_B;camera_C;camera_D;camera_E,camera_A;camera_E
P0143,4.4,-6.4,B05_01,commissioning_fit,14.594208,14.594208;59.594208;104.594208;149.594208;194.594208;239.594208;284.594208;329.594208,camera_A;camera_B;camera_C;camera_D;camera_E,camera_A;camera_E
P0144,5.2,-6.4,B05_01,commissioning_fit,14.594208,14.594208;59.594208;104.594208;149.594208;194.594208;239.594208;284.594208;329.594208,camera_A;camera_B;camera_C;camera_D;camera_E,camera_A;camera_E
P0145,6.8,-6.4,B05_01,commissioning_fit,14.594208,14.594208;59.594208;104.594208;149.594208;194.594208;239.594208;284.594208;329.594208,camera_A;camera_B;camera_C;camera_D;camera_E,camera_A;camera_E
P0146,7.2,-6.4,B06_01,commissioning_fit,36.045872,36.045872;81.045872;126.045872;171.045872;216.045872;261.045872;306.045872;351.045872,camera_A;camera_B;camera_C;camera_D;camera_E,camera_A;camera_E
P0147,8.4,-6.4,B06_01,commissioning_fit,36.045872,36.045872;81.045872;126.045872;171.045872;216.045872;261.045872;306.045872;351.045872,camera_A;camera_B;camera_C;camera_D;camera_E,camera_A;camera_E
P0148,9.2,-6.4,B06_01,commissioning_fit,36.045872,36.045872;81.045872;126.045872;171.045872;216.045872;261.045872;306.045872;351.045872,camera_A;camera_B;camera_C;camera_D;camera_E,camera_A;camera_D;camera_E
P0149,9.6,-6.4,B06_01,commissioning_fit,36.045872,36.045872;81.045872;126.045872;171.045872;216.045872;261.045872;306.045872;351.045872,camera_A;camera_B;camera_C;camera_D;camera_E,camera_A;camera_D;camera_E
P0150,10.4,-6.4,B07_01,commissioning_fit,9.301371,9.301371;54.301371;99.301371;144.301371;189.301371;234.301371;279.301371;324.301371,camera_A;camera_B;camera_C;camera_D;camera_E,camera_D;camera_E
P0151,-10.8,-6.0,B00_01,final_audit,20.922877,20.922877;65.922877;110.922877;155.922877;200.922877;245.922877;290.922877;335.922877,camera_A;camera_B;camera_C;camera_D;camera_E,camera_B
P0152,-10.4,-6.0,B00_01,final_audit,20.922877,20.922877;65.922877;110.922877;155.922877;200.922877;245.922877;290.922877;335.922877,camera_A;camera_B;camera_C;camera_D;camera_E,camera_B
P0153,-10.0,-6.0,B00_01,final_audit,20.922877,20.922877;65.922877;110.922877;155.922877;200.922877;245.922877;290.922877;335.922877,camera_A;camera_B;camera_C;camera_D;camera_E,camera_B;camera_E
P0154,-9.6,-6.0,B00_01,final_audit,20.922877,20.922877;65.922877;110.922877;155.922877;200.922877;245.922877;290.922877;335.922877,camera_A;camera_B;camera_C;camera_D;camera_E,camera_B;camera_E
P0155,-9.2,-6.0,B00_01,final_audit,20.922877,20.922877;65.922877;110.922877;155.922877;200.922877;245.922877;290.922877;335.922877,camera_A;camera_B;camera_C;camera_D;camera_E,camera_B;camera_E
P0156,-8.4,-6.0,B01_01,commissioning_fit,2.291665,2.291665;47.291665;92.291665;137.291665;182.291665;227.291665;272.291665;317.291665,camera_A;camera_B;camera_C;camera_D;camera_E,camera_B;camera_E
P0157,-8.0,-6.0,B01_01,commissioning_fit,2.291665,2.291665;47.291665;92.291665;137.291665;182.291665;227.291665;272.291665;317.291665,camera_A;camera_B;camera_C;camera_D;camera_E,camera_B;camera_C;camera_E
P0158,-7.6,-6.0,B01_01,commissioning_fit,2.291665,2.291665;47.291665;92.291665;137.291665;182.291665;227.291665;272.291665;317.291665,camera_A;camera_B;camera_C;camera_D;camera_E,camera_B;camera_C;camera_E
P0159,-6.4,-6.0,B01_01,commissioning_fit,2.291665,2.291665;47.291665;92.291665;137.291665;182.291665;227.291665;272.291665;317.291665,camera_A;camera_B;camera_C;camera_D;camera_E,camera_B;camera_C;camera_E
P0160,-6.0,-6.0,B01_01,commissioning_fit,2.291665,2.291665;47.291665;92.291665;137.291665;182.291665;227.291665;272.291665;317.291665,camera_A;camera_B;camera_C;camera_D;camera_E,camera_A;camera_B;camera_C;camera_E
P0161,-5.2,-6.0,B02_01,detector_validation,26.533507,26.533507;71.533507;116.533507;161.533507;206.533507;251.533507;296.533507;341.533507,camera_A;camera_B;camera_C;camera_D;camera_E,camera_A;camera_B;camera_E
P0162,-4.4,-6.0,B02_01,detector_validation,26.533507,26.533507;71.533507;116.533507;161.533507;206.533507;251.533507;296.533507;341.533507,camera_A;camera_B;camera_C;camera_D;camera_E,camera_A;camera_B;camera_E
P0163,-4.0,-6.0,B02_01,detector_validation,26.533507,26.533507;71.533507;116.533507;161.533507;206.533507;251.533507;296.533507;341.533507,camera_A;camera_B;camera_C;camera_D;camera_E,camera_A;camera_B;camera_E
P0164,-3.2,-6.0,B02_01,detector_validation,26.533507,26.533507;71.533507;116.533507;161.533507;206.533507;251.533507;296.533507;341.533507,camera_A;camera_B;camera_C;camera_D;camera_E,camera_A;camera_B;camera_E
P0165,-2.8,-6.0,B02_01,detector_validation,26.533507,26.533507;71.533507;116.533507;161.533507;206.533507;251.533507;296.533507;341.533507,camera_A;camera_B;camera_C;camera_D;camera_E,camera_A;camera_B;camera_E
P0166,-2.0,-6.0,B03_01,detector_fit,36.175518,36.175518;81.175518;126.175518;171.175518;216.175518;261.175518;306.175518;351.175518,camera_A;camera_B;camera_C;camera_D;camera_E,camera_A;camera_B;camera_E
P0167,-1.2,-6.0,B03_01,detector_fit,36.175518,36.175518;81.175518;126.175518;171.175518;216.175518;261.175518;306.175518;351.175518,camera_A;camera_B;camera_C;camera_D;camera_E,camera_A;camera_B;camera_E
P0168,0.0,-6.0,B03_01,detector_fit,36.175518,36.175518;81.175518;126.175518;171.175518;216.175518;261.175518;306.175518;351.175518,camera_A;camera_B;camera_C;camera_D;camera_E,camera_A;camera_B;camera_E
P0169,1.2,-6.0,B04_01,detector_fit,24.385359,24.385359;69.385359;114.385359;159.385359;204.385359;249.385359;294.385359;339.385359,camera_A;camera_B;camera_C;camera_D;camera_E,camera_A;camera_B;camera_E
P0170,2.0,-6.0,B04_01,detector_fit,24.385359,24.385359;69.385359;114.385359;159.385359;204.385359;249.385359;294.385359;339.385359,camera_A;camera_B;camera_C;camera_D;camera_E,camera_A;camera_E
P0171,2.8,-6.0,B04_01,detector_fit,24.385359,24.385359;69.385359;114.385359;159.385359;204.385359;249.385359;294.385359;339.385359,camera_A;camera_B;camera_C;camera_D;camera_E,camera_A;camera_E
P0172,3.6,-6.0,B04_01,detector_fit,24.385359,24.385359;69.385359;114.385359;159.385359;204.385359;249.385359;294.385359;339.385359,camera_A;camera_B;camera_C;camera_D;camera_E,camera_A;camera_E
P0173,4.4,-6.0,B05_01,commissioning_fit,14.594208,14.594208;59.594208;104.594208;149.594208;194.594208;239.594208;284.594208;329.594208,camera_A;camera_B;camera_C;camera_D;camera_E,camera_A;camera_E
P0174,5.2,-6.0,B05_01,commissioning_fit,14.594208,14.594208;59.594208;104.594208;149.594208;194.594208;239.594208;284.594208;329.594208,camera_A;camera_B;camera_C;camera_D;camera_E,camera_A;camera_E
P0175,6.0,-6.0,B05_01,commissioning_fit,14.594208,14.594208;59.594208;104.594208;149.594208;194.594208;239.594208;284.594208;329.594208,camera_A;camera_B;camera_C;camera_D;camera_E,camera_A;camera_E
P0176,6.8,-6.0,B05_01,commissioning_fit,14.594208,14.594208;59.594208;104.594208;149.594208;194.594208;239.594208;284.594208;329.594208,camera_A;camera_B;camera_C;camera_D;camera_E,camera_A;camera_E
P0177,7.2,-6.0,B06_01,commissioning_fit,36.045872,36.045872;81.045872;126.045872;171.045872;216.045872;261.045872;306.045872;351.045872,camera_A;camera_B;camera_C;camera_D;camera_E,camera_A;camera_E
P0178,8.0,-6.0,B06_01,commissioning_fit,36.045872,36.045872;81.045872;126.045872;171.045872;216.045872;261.045872;306.045872;351.045872,camera_A;camera_B;camera_C;camera_D;camera_E,camera_A;camera_E
P0179,8.4,-6.0,B06_01,commissioning_fit,36.045872,36.045872;81.045872;126.045872;171.045872;216.045872;261.045872;306.045872;351.045872,camera_A;camera_B;camera_C;camera_D;camera_E,camera_A;camera_E
P0180,8.8,-6.0,B06_01,commissioning_fit,36.045872,36.045872;81.045872;126.045872;171.045872;216.045872;261.045872;306.045872;351.045872,camera_A;camera_B;camera_C;camera_D;camera_E,camera_A;camera_E
P0181,9.6,-6.0,B06_01,commissioning_fit,36.045872,36.045872;81.045872;126.045872;171.045872;216.045872;261.045872;306.045872;351.045872,camera_A;camera_B;camera_C;camera_D;camera_E,camera_A;camera_D;camera_E
P0182,10.0,-6.0,B06_01,commissioning_fit,36.045872,36.045872;81.045872;126.045872;171.045872;216.045872;261.045872;306.045872;351.045872,camera_A;camera_B;camera_C;camera_D;camera_E,camera_A;camera_D;camera_E
P0183,10.4,-6.0,B07_01,commissioning_fit,9.301371,9.301371;54.301371;99.301371;144.301371;189.301371;234.301371;279.301371;324.301371,camera_A;camera_B;camera_C;camera_D;camera_E,camera_D;camera_E
P0184,10.8,-6.0,B07_01,commissioning_fit,9.301371,9.301371;54.301371;99.301371;144.301371;189.301371;234.301371;279.301371;324.301371,camera_A;camera_B;camera_C;camera_D;camera_E,camera_D;camera_E
P0185,-10.4,-5.6,B00_01,final_audit,20.922877,20.922877;65.922877;110.922877;155.922877;200.922877;245.922877;290.922877;335.922877,camera_A;camera_B;camera_C;camera_D;camera_E,camera_A;camera_B
P0186,-9.6,-5.6,B00_01,final_audit,20.922877,20.922877;65.922877;110.922877;155.922877;200.922877;245.922877;290.922877;335.922877,camera_A;camera_B;camera_C;camera_D;camera_E,camera_A;camera_B;camera_E
P0187,-9.2,-5.6,B00_01,final_audit,20.922877,20.922877;65.922877;110.922877;155.922877;200.922877;245.922877;290.922877;335.922877,camera_A;camera_B;camera_C;camera_D;camera_E,camera_A;camera_B;camera_E
P0188,-8.4,-5.6,B01_01,commissioning_fit,2.291665,2.291665;47.291665;92.291665;137.291665;182.291665;227.291665;272.291665;317.291665,camera_A;camera_B;camera_C;camera_D;camera_E,camera_A;camera_B;camera_E
P0189,-7.6,-5.6,B01_01,commissioning_fit,2.291665,2.291665;47.291665;92.291665;137.291665;182.291665;227.291665;272.291665;317.291665,camera_A;camera_B;camera_C;camera_D;camera_E,camera_A;camera_B;camera_C;camera_E
P0190,-6.8,-5.6,B01_01,commissioning_fit,2.291665,2.291665;47.291665;92.291665;137.291665;182.291665;227.291665;272.291665;317.291665,camera_A;camera_B;camera_C;camera_D;camera_E,camera_A;camera_B;camera_C;camera_E
P0191,-6.0,-5.6,B01_01,commissioning_fit,2.291665,2.291665;47.291665;92.291665;137.291665;182.291665;227.291665;272.291665;317.291665,camera_A;camera_B;camera_C;camera_D;camera_E,camera_A;camera_B;camera_C;camera_E
P0192,-5.6,-5.6,B02_01,detector_validation,26.533507,26.533507;71.533507;116.533507;161.533507;206.533507;251.533507;296.533507;341.533507,camera_A;camera_B;camera_C;camera_D;camera_E,camera_A;camera_B;camera_E
P0193,-4.8,-5.6,B02_01,detector_validation,26.533507,26.533507;71.533507;116.533507;161.533507;206.533507;251.533507;296.533507;341.533507,camera_A;camera_B;camera_C;camera_D;camera_E,camera_A;camera_B;camera_E
P0194,-3.6,-5.6,B02_01,detector_validation,26.533507,26.533507;71.533507;116.533507;161.533507;206.533507;251.533507;296.533507;341.533507,camera_A;camera_B;camera_C;camera_D;camera_E,camera_A;camera_B;camera_E
P0195,-2.8,-5.6,B02_01,detector_validation,26.533507,26.533507;71.533507;116.533507;161.533507;206.533507;251.533507;296.533507;341.533507,camera_A;camera_B;camera_C;camera_D;camera_E,camera_A;camera_B;camera_E
P0196,-1.6,-5.6,B03_01,detector_fit,36.175518,36.175518;81.175518;126.175518;171.175518;216.175518;261.175518;306.175518;351.175518,camera_A;camera_B;camera_C;camera_D;camera_E,camera_A;camera_B;camera_E
P0197,-0.4,-5.6,B03_01,detector_fit,36.175518,36.175518;81.175518;126.175518;171.175518;216.175518;261.175518;306.175518;351.175518,camera_A;camera_B;camera_C;camera_D;camera_E,camera_A;camera_B;camera_E
P0198,0.4,-5.6,B03_01,detector_fit,36.175518,36.175518;81.175518;126.175518;171.175518;216.175518;261.175518;306.175518;351.175518,camera_A;camera_B;camera_C;camera_D;camera_E,camera_A;camera_B;camera_E
P0199,1.2,-5.6,B04_01,detector_fit,24.385359,24.385359;69.385359;114.385359;159.385359;204.385359;249.385359;294.385359;339.385359,camera_A;camera_B;camera_C;camera_D;camera_E,camera_A;camera_B;camera_E
P0200,2.0,-5.6,B04_01,detector_fit,24.385359,24.385359;69.385359;114.385359;159.385359;204.385359;249.385359;294.385359;339.385359,camera_A;camera_B;camera_C;camera_D;camera_E,camera_A;camera_B;camera_E
P0201,2.8,-5.6,B04_01,detector_fit,24.385359,24.385359;69.385359;114.385359;159.385359;204.385359;249.385359;294.385359;339.385359,camera_A;camera_B;camera_C;camera_D;camera_E,camera_A;camera_E
P0202,4.8,-5.6,B05_01,commissioning_fit,14.594208,14.594208;59.594208;104.594208;149.594208;194.594208;239.594208;284.594208;329.594208,camera_A;camera_B;camera_C;camera_D;camera_E,camera_A;camera_E
P0203,7.6,-5.6,B06_01,commissioning_fit,36.045872,36.045872;81.045872;126.045872;171.045872;216.045872;261.045872;306.045872;351.045872,camera_A;camera_B;camera_C;camera_D;camera_E,camera_A;camera_E
P0204,9.2,-5.6,B06_01,commissioning_fit,36.045872,36.045872;81.045872;126.045872;171.045872;216.045872;261.045872;306.045872;351.045872,camera_A;camera_B;camera_C;camera_D;camera_E,camera_A;camera_E
P0205,10.8,-5.6,B07_01,commissioning_fit,9.301371,9.301371;54.301371;99.301371;144.301371;189.301371;234.301371;279.301371;324.301371,camera_A;camera_B;camera_C;camera_D;camera_E,camera_D;camera_E
P0206,-10.8,-5.2,B00_01,final_audit,20.922877,20.922877;65.922877;110.922877;155.922877;200.922877;245.922877;290.922877;335.922877,camera_A;camera_B;camera_C;camera_D;camera_E,camera_A;camera_B
P0207,-10.0,-5.2,B00_01,final_audit,20.922877,20.922877;65.922877;110.922877;155.922877;200.922877;245.922877;290.922877;335.922877,camera_A;camera_B;camera_C;camera_D;camera_E,camera_A;camera_B
P0208,-8.8,-5.2,B01_01,commissioning_fit,2.291665,2.291665;47.291665;92.291665;137.291665;182.291665;227.291665;272.291665;317.291665,camera_A;camera_B;camera_C;camera_D;camera_E,camera_A;camera_B;camera_E
P0209,-8.0,-5.2,B01_01,commissioning_fit,2.291665,2.291665;47.291665;92.291665;137.291665;182.291665;227.291665;272.291665;317.291665,camera_A;camera_B;camera_C;camera_D;camera_E,camera_A;camera_B;camera_C;camera_E
P0210,-7.2,-5.2,B01_01,commissioning_fit,2.291665,2.291665;47.291665;92.291665;137.291665;182.291665;227.291665;272.291665;317.291665,camera_A;camera_B;camera_C;camera_D;camera_E,camera_A;camera_B;camera_C;camera_E
P0211,-6.4,-5.2,B01_01,commissioning_fit,2.291665,2.291665;47.291665;92.291665;137.291665;182.291665;227.291665;272.291665;317.291665,camera_A;camera_B;camera_C;camera_D;camera_E,camera_A;camera_B;camera_C;camera_E
P0212,-5.2,-5.2,B02_01,detector_validation,26.533507,26.533507;71.533507;116.533507;161.533507;206.533507;251.533507;296.533507;341.533507,camera_A;camera_B;camera_C;camera_D;camera_E,camera_A;camera_B;camera_E
P0213,-4.0,-5.2,B02_01,detector_validation,26.533507,26.533507;71.533507;116.533507;161.533507;206.533507;251.533507;296.533507;341.533507,camera_A;camera_B;camera_C;camera_D;camera_E,camera_A;camera_B;camera_E
P0214,-3.2,-5.2,B02_01,detector_validation,26.533507,26.533507;71.533507;116.533507;161.533507;206.533507;251.533507;296.533507;341.533507,camera_A;camera_B;camera_C;camera_D;camera_E,camera_A;camera_B;camera_E
P0215,-2.4,-5.2,B03_01,detector_fit,36.175518,36.175518;81.175518;126.175518;171.175518;216.175518;261.175518;306.175518;351.175518,camera_A;camera_B;camera_C;camera_D;camera_E,camera_A;camera_B;camera_E
P0216,-1.2,-5.2,B03_01,detector_fit,36.175518,36.175518;81.175518;126.175518;171.175518;216.175518;261.175518;306.175518;351.175518,camera_A;camera_B;camera_C;camera_D;camera_E,camera_A;camera_B;camera_E
P0217,0.0,-5.2,B03_01,detector_fit,36.175518,36.175518;81.175518;126.175518;171.175518;216.175518;261.175518;306.175518;351.175518,camera_A;camera_B;camera_C;camera_D;camera_E,camera_A;camera_B;camera_E
P0218,0.8,-5.2,B04_01,detector_fit,24.385359,24.385359;69.385359;114.385359;159.385359;204.385359;249.385359;294.385359;339.385359,camera_A;camera_B;camera_C;camera_D;camera_E,camera_A;camera_B;camera_E
P0219,1.6,-5.2,B04_01,detector_fit,24.385359,24.385359;69.385359;114.385359;159.385359;204.385359;249.385359;294.385359;339.385359,camera_A;camera_B;camera_C;camera_D;camera_E,camera_A;camera_B;camera_E
P0220,2.4,-5.2,B04_01,detector_fit,24.385359,24.385359;69.385359;114.385359;159.385359;204.385359;249.385359;294.385359;339.385359,camera_A;camera_B;camera_C;camera_D;camera_E,camera_A;camera_E
P0221,3.2,-5.2,B04_01,detector_fit,24.385359,24.385359;69.385359;114.385359;159.385359;204.385359;249.385359;294.385359;339.385359,camera_A;camera_B;camera_C;camera_D;camera_E,camera_A;camera_E
P0222,4.0,-5.2,B05_01,commissioning_fit,14.594208,14.594208;59.594208;104.594208;149.594208;194.594208;239.594208;284.594208;329.594208,camera_A;camera_B;camera_C;camera_D;camera_E,camera_A;camera_E
P0223,5.6,-5.2,B05_01,commissioning_fit,14.594208,14.594208;59.594208;104.594208;149.594208;194.594208;239.594208;284.594208;329.594208,camera_A;camera_B;camera_C;camera_D;camera_E,camera_A;camera_E
P0224,6.4,-5.2,B05_01,commissioning_fit,14.594208,14.594208;59.594208;104.594208;149.594208;194.594208;239.594208;284.594208;329.594208,camera_A;camera_B;camera_C;camera_D;camera_E,camera_A;camera_E
P0225,7.2,-5.2,B06_01,commissioning_fit,36.045872,36.045872;81.045872;126.045872;171.045872;216.045872;261.045872;306.045872;351.045872,camera_A;camera_B;camera_C;camera_D;camera_E,camera_A;camera_E
P0226,8.4,-5.2,B06_01,commissioning_fit,36.045872,36.045872;81.045872;126.045872;171.045872;216.045872;261.045872;306.045872;351.045872,camera_A;camera_B;camera_C;camera_D;camera_E,camera_A;camera_E
P0227,9.6,-5.2,B06_01,commissioning_fit,36.045872,36.045872;81.045872;126.045872;171.045872;216.045872;261.045872;306.045872;351.045872,camera_A;camera_B;camera_C;camera_D;camera_E,camera_D;camera_E
P0228,10.4,-5.2,B07_01,commissioning_fit,9.301371,9.301371;54.301371;99.301371;144.301371;189.301371;234.301371;279.301371;324.301371,camera_A;camera_B;camera_C;camera_D;camera_E,camera_D;camera_E
P0229,1.2,-4.8,B04_01,detector_fit,24.385359,24.385359;69.385359;114.385359;159.385359;204.385359;249.385359;294.385359;339.385359,camera_A;camera_B;camera_C;camera_D;camera_E,camera_A;camera_B;camera_E
P0230,-6.8,-4.4,B01_01,commissioning_fit,2.291665,2.291665;47.291665;92.291665;137.291665;182.291665;227.291665;272.291665;317.291665,camera_A;camera_B;camera_C;camera_D;camera_E,camera_A;camera_B;camera_C;camera_E
P0231,-2.8,-4.4,B02_01,detector_validation,26.533507,26.533507;71.533507;116.533507;161.533507;206.533507;251.533507;296.533507;341.533507,camera_A;camera_B;camera_C;camera_D;camera_E,camera_A;camera_B;camera_E
P0232,0.8,-4.4,B04_01,detector_fit,24.385359,24.385359;69.385359;114.385359;159.385359;204.385359;249.385359;294.385359;339.385359,camera_A;camera_B;camera_C;camera_D;camera_E,camera_A;camera_B;camera_E
P0233,10.8,-4.4,B07_01,commissioning_fit,9.301371,9.301371;54.301371;99.301371;144.301371;189.301371;234.301371;279.301371;324.301371,camera_A;camera_B;camera_C;camera_D;camera_E,camera_D;camera_E
P0234,-10.8,-4.0,B00_01,final_audit,20.922877,20.922877;65.922877;110.922877;155.922877;200.922877;245.922877;290.922877;335.922877,camera_A;camera_B;camera_C;camera_D;camera_E,camera_A;camera_B
P0235,-7.2,-4.0,B01_01,commissioning_fit,2.291665,2.291665;47.291665;92.291665;137.291665;182.291665;227.291665;272.291665;317.291665,camera_A;camera_B;camera_C;camera_D;camera_E,camera_A;camera_B;camera_C
P0236,-3.2,-4.0,B02_01,detector_validation,26.533507,26.533507;71.533507;116.533507;161.533507;206.533507;251.533507;296.533507;341.533507,camera_A;camera_B;camera_C;camera_D;camera_E,camera_A;camera_B
P0237,-6.8,-3.6,B01_01,commissioning_fit,2.291665,2.291665;47.291665;92.291665;137.291665;182.291665;227.291665;272.291665;317.291665,camera_A;camera_B;camera_C;camera_D;camera_E,camera_A;camera_B;camera_C
P0238,-2.8,-3.6,B02_01,detector_validation,26.533507,26.533507;71.533507;116.533507;161.533507;206.533507;251.533507;296.533507;341.533507,camera_A;camera_B;camera_C;camera_D;camera_E,camera_A;camera_B
P0239,1.2,-3.6,B04_01,detector_fit,24.385359,24.385359;69.385359;114.385359;159.385359;204.385359;249.385359;294.385359;339.385359,camera_A;camera_B;camera_C;camera_D;camera_E,camera_B
P0240,10.8,-3.6,B07_01,commissioning_fit,9.301371,9.301371;54.301371;99.301371;144.301371;189.301371;234.301371;279.301371;324.301371,camera_A;camera_B;camera_C;camera_D;camera_E,camera_D;camera_E
P0241,-3.2,-3.2,B02_02,detector_fit,32.093767,32.093767;77.093767;122.093767;167.093767;212.093767;257.093767;302.093767;347.093767,camera_A;camera_B;camera_C;camera_D;camera_E,camera_B
P0242,0.8,-3.2,B04_02,detector_fit,16.297745,16.297745;61.297745;106.297745;151.297745;196.297745;241.297745;286.297745;331.297745,camera_A;camera_B;camera_C;camera_D;camera_E,camera_B
P0243,-10.8,-2.8,B00_02,commissioning_fit,4.653741,4.653741;49.653741;94.653741;139.653741;184.653741;229.653741;274.653741;319.653741,camera_A;camera_B;camera_C;camera_D;camera_E,camera_A
P0244,-7.2,-2.8,B01_02,detector_fit,25.538565,25.538565;70.538565;115.538565;160.538565;205.538565;250.538565;295.538565;340.538565,camera_A;camera_B;camera_C;camera_D;camera_E,camera_C
P0245,-2.8,-2.8,B02_02,detector_fit,32.093767,32.093767;77.093767;122.093767;167.093767;212.093767;257.093767;302.093767;347.093767,camera_A;camera_B;camera_C;camera_D;camera_E,camera_B
P0246,1.2,-2.8,B04_02,detector_fit,16.297745,16.297745;61.297745;106.297745;151.297745;196.297745;241.297745;286.297745;331.297745,camera_A;camera_B;camera_C;camera_D;camera_E,camera_B
P0247,-6.8,-2.4,B01_02,detector_fit,25.538565,25.538565;70.538565;115.538565;160.538565;205.538565;250.538565;295.538565;340.538565,camera_A;camera_B;camera_C;camera_D;camera_E,camera_C
P0248,10.8,-2.4,B07_02,final_audit,9.878257,9.878257;54.878257;99.878257;144.878257;189.878257;234.878257;279.878257;324.878257,camera_A;camera_B;camera_C;camera_D;camera_E,camera_D;camera_E
P0249,-7.2,-2.0,B01_02,detector_fit,25.538565,25.538565;70.538565;115.538565;160.538565;205.538565;250.538565;295.538565;340.538565,camera_A;camera_B;camera_C;camera_D;camera_E,camera_C
P0250,-3.2,-2.0,B02_02,detector_fit,32.093767,32.093767;77.093767;122.093767;167.093767;212.093767;257.093767;302.093767;347.093767,camera_A;camera_B;camera_C;camera_D;camera_E,camera_B
P0251,0.8,-2.0,B04_02,detector_fit,16.297745,16.297745;61.297745;106.297745;151.297745;196.297745;241.297745;286.297745;331.297745,camera_A;camera_B;camera_C;camera_D;camera_E,camera_B
P0252,-10.8,-1.6,B00_02,commissioning_fit,4.653741,4.653741;49.653741;94.653741;139.653741;184.653741;229.653741;274.653741;319.653741,camera_A;camera_B;camera_C;camera_D;camera_E,camera_A
P0253,-6.8,-1.6,B01_02,detector_fit,25.538565,25.538565;70.538565;115.538565;160.538565;205.538565;250.538565;295.538565;340.538565,camera_A;camera_B;camera_C;camera_D;camera_E,camera_C
P0254,1.6,-1.6,B04_02,detector_fit,16.297745,16.297745;61.297745;106.297745;151.297745;196.297745;241.297745;286.297745;331.297745,camera_A;camera_B;camera_C;camera_D;camera_E,camera_B
P0255,2.4,-1.6,B04_02,detector_fit,16.297745,16.297745;61.297745;106.297745;151.297745;196.297745;241.297745;286.297745;331.297745,camera_A;camera_B;camera_C;camera_D;camera_E,camera_B
P0256,3.2,-1.6,B04_02,detector_fit,16.297745,16.297745;61.297745;106.297745;151.297745;196.297745;241.297745;286.297745;331.297745,camera_A;camera_B;camera_C;camera_D;camera_E,
P0257,4.0,-1.6,B05_02,detector_fit,4.191749,4.191749;49.191749;94.191749;139.191749;184.191749;229.191749;274.191749;319.191749,camera_A;camera_B;camera_C;camera_D;camera_E,
P0258,5.2,-1.6,B05_02,detector_fit,4.191749,4.191749;49.191749;94.191749;139.191749;184.191749;229.191749;274.191749;319.191749,camera_A;camera_B;camera_C;camera_D;camera_E,
P0259,6.0,-1.6,B05_02,detector_fit,4.191749,4.191749;49.191749;94.191749;139.191749;184.191749;229.191749;274.191749;319.191749,camera_A;camera_B;camera_C;camera_D;camera_E,
P0260,7.2,-1.6,B06_02,commissioning_fit,15.681663,15.681663;60.681663;105.681663;150.681663;195.681663;240.681663;285.681663;330.681663,camera_A;camera_B;camera_C;camera_D;camera_E,
P0261,8.0,-1.6,B06_02,commissioning_fit,15.681663,15.681663;60.681663;105.681663;150.681663;195.681663;240.681663;285.681663;330.681663,camera_A;camera_B;camera_C;camera_D;camera_E,
P0262,8.8,-1.6,B06_02,commissioning_fit,15.681663,15.681663;60.681663;105.681663;150.681663;195.681663;240.681663;285.681663;330.681663,camera_A;camera_B;camera_C;camera_D;camera_E,
P0263,10.0,-1.6,B06_02,commissioning_fit,15.681663,15.681663;60.681663;105.681663;150.681663;195.681663;240.681663;285.681663;330.681663,camera_A;camera_B;camera_C;camera_D;camera_E,camera_D;camera_E
P0264,-7.2,-1.2,B01_02,detector_fit,25.538565,25.538565;70.538565;115.538565;160.538565;205.538565;250.538565;295.538565;340.538565,camera_A;camera_B;camera_C;camera_D;camera_E,camera_C
P0265,-2.8,-1.2,B02_02,detector_fit,32.093767,32.093767;77.093767;122.093767;167.093767;212.093767;257.093767;302.093767;347.093767,camera_A;camera_B;camera_C;camera_D;camera_E,camera_B
P0266,1.2,-1.2,B04_02,detector_fit,16.297745,16.297745;61.297745;106.297745;151.297745;196.297745;241.297745;286.297745;331.297745,camera_A;camera_B;camera_C;camera_D;camera_E,camera_B
P0267,2.0,-1.2,B04_02,detector_fit,16.297745,16.297745;61.297745;106.297745;151.297745;196.297745;241.297745;286.297745;331.297745,camera_A;camera_B;camera_C;camera_D;camera_E,camera_B
P0268,2.8,-1.2,B04_02,detector_fit,16.297745,16.297745;61.297745;106.297745;151.297745;196.297745;241.297745;286.297745;331.297745,camera_A;camera_B;camera_C;camera_D;camera_E,
P0269,3.6,-1.2,B04_02,detector_fit,16.297745,16.297745;61.297745;106.297745;151.297745;196.297745;241.297745;286.297745;331.297745,camera_A;camera_B;camera_C;camera_D;camera_E,
P0270,4.4,-1.2,B05_02,detector_fit,4.191749,4.191749;49.191749;94.191749;139.191749;184.191749;229.191749;274.191749;319.191749,camera_A;camera_B;camera_C;camera_D;camera_E,
P0271,5.6,-1.2,B05_02,detector_fit,4.191749,4.191749;49.191749;94.191749;139.191749;184.191749;229.191749;274.191749;319.191749,camera_A;camera_B;camera_C;camera_D;camera_E,
P0272,6.8,-1.2,B05_02,detector_fit,4.191749,4.191749;49.191749;94.191749;139.191749;184.191749;229.191749;274.191749;319.191749,camera_A;camera_B;camera_C;camera_D;camera_E,camera_D
P0273,7.6,-1.2,B06_02,commissioning_fit,15.681663,15.681663;60.681663;105.681663;150.681663;195.681663;240.681663;285.681663;330.681663,camera_A;camera_B;camera_C;camera_D;camera_E,
P0274,8.4,-1.2,B06_02,commissioning_fit,15.681663,15.681663;60.681663;105.681663;150.681663;195.681663;240.681663;285.681663;330.681663,camera_A;camera_B;camera_C;camera_D;camera_E,
P0275,9.6,-1.2,B06_02,commissioning_fit,15.681663,15.681663;60.681663;105.681663;150.681663;195.681663;240.681663;285.681663;330.681663,camera_A;camera_B;camera_C;camera_D;camera_E,camera_D;camera_E
P0276,10.8,-1.2,B07_02,final_audit,9.878257,9.878257;54.878257;99.878257;144.878257;189.878257;234.878257;279.878257;324.878257,camera_A;camera_B;camera_C;camera_D;camera_E,camera_D;camera_E
P0277,-6.8,-0.8,B01_02,detector_fit,25.538565,25.538565;70.538565;115.538565;160.538565;205.538565;250.538565;295.538565;340.538565,camera_A;camera_B;camera_C;camera_D;camera_E,camera_C
P0278,-10.8,-0.4,B00_02,commissioning_fit,4.653741,4.653741;49.653741;94.653741;139.653741;184.653741;229.653741;274.653741;319.653741,camera_A;camera_B;camera_C;camera_D;camera_E,camera_A
P0279,-7.2,-0.4,B01_02,detector_fit,25.538565,25.538565;70.538565;115.538565;160.538565;205.538565;250.538565;295.538565;340.538565,camera_A;camera_B;camera_C;camera_D;camera_E,camera_C
P0280,-3.2,-0.4,B02_02,detector_fit,32.093767,32.093767;77.093767;122.093767;167.093767;212.093767;257.093767;302.093767;347.093767,camera_A;camera_B;camera_C;camera_D;camera_E,camera_B
P0281,0.8,-0.4,B04_02,detector_fit,16.297745,16.297745;61.297745;106.297745;151.297745;196.297745;241.297745;286.297745;331.297745,camera_A;camera_B;camera_C;camera_D;camera_E,camera_E
P0282,-2.8,0.0,B02_03,commissioning_fit,17.766055,17.766055;62.766055;107.766055;152.766055;197.766055;242.766055;287.766055;332.766055,camera_A;camera_B;camera_C;camera_D;camera_E,camera_B
P0283,1.2,0.0,B04_03,detector_validation,5.750359,5.750359;50.750359;95.750359;140.750359;185.750359;230.750359;275.750359;320.750359,camera_A;camera_B;camera_C;camera_D;camera_E,camera_B
P0284,10.8,0.0,B07_03,detector_fit,44.759402,44.759402;89.759402;134.759402;179.759402;224.759402;269.759402;314.759402;359.759402,camera_A;camera_B;camera_C;camera_D;camera_E,camera_D;camera_E
P0285,-6.8,0.4,B01_03,commissioning_fit,2.233193,2.233193;47.233193;92.233193;137.233193;182.233193;227.233193;272.233193;317.233193,camera_A;camera_B;camera_C;camera_D;camera_E,camera_C
P0286,-3.2,0.4,B02_03,commissioning_fit,17.766055,17.766055;62.766055;107.766055;152.766055;197.766055;242.766055;287.766055;332.766055,camera_A;camera_B;camera_C;camera_D;camera_E,camera_B
P0287,-10.8,0.8,B00_03,detector_validation,11.981466,11.981466;56.981466;101.981466;146.981466;191.981466;236.981466;281.981466;326.981466,camera_A;camera_B;camera_C;camera_D;camera_E,camera_A
P0288,0.8,0.8,B04_03,detector_validation,5.750359,5.750359;50.750359;95.750359;140.750359;185.750359;230.750359;275.750359;320.750359,camera_A;camera_B;camera_C;camera_D;camera_E,camera_D;camera_E
P0289,10.8,0.8,B07_03,detector_fit,44.759402,44.759402;89.759402;134.759402;179.759402;224.759402;269.759402;314.759402;359.759402,camera_A;camera_B;camera_C;camera_D;camera_E,camera_C;camera_D;camera_E
P0290,-7.2,1.2,B01_03,commissioning_fit,2.233193,2.233193;47.233193;92.233193;137.233193;182.233193;227.233193;272.233193;317.233193,camera_A;camera_B;camera_C;camera_D;camera_E,camera_C
P0291,-2.8,1.2,B02_03,commissioning_fit,17.766055,17.766055;62.766055;107.766055;152.766055;197.766055;242.766055;287.766055;332.766055,camera_A;camera_B;camera_C;camera_D;camera_E,camera_B
P0292,1.2,1.6,B04_03,detector_validation,5.750359,5.750359;50.750359;95.750359;140.750359;185.750359;230.750359;275.750359;320.750359,camera_A;camera_B;camera_C;camera_D;camera_E,camera_D
P0293,-10.8,2.0,B00_03,detector_validation,11.981466,11.981466;56.981466;101.981466;146.981466;191.981466;236.981466;281.981466;326.981466,camera_A;camera_B;camera_C;camera_D;camera_E,camera_A
P0294,-6.8,2.0,B01_03,commissioning_fit,2.233193,2.233193;47.233193;92.233193;137.233193;182.233193;227.233193;272.233193;317.233193,camera_A;camera_B;camera_C;camera_D;camera_E,camera_C
P0295,-3.2,2.0,B02_03,commissioning_fit,17.766055,17.766055;62.766055;107.766055;152.766055;197.766055;242.766055;287.766055;332.766055,camera_A;camera_B;camera_C;camera_D;camera_E,camera_B
P0296,0.8,2.0,B04_03,detector_validation,5.750359,5.750359;50.750359;95.750359;140.750359;185.750359;230.750359;275.750359;320.750359,camera_A;camera_B;camera_C;camera_D;camera_E,camera_D
P0297,10.8,2.0,B07_03,detector_fit,44.759402,44.759402;89.759402;134.759402;179.759402;224.759402;269.759402;314.759402;359.759402,camera_A;camera_B;camera_C;camera_D;camera_E,camera_C;camera_D;camera_E
P0298,1.6,2.4,B04_03,detector_validation,5.750359,5.750359;50.750359;95.750359;140.750359;185.750359;230.750359;275.750359;320.750359,camera_A;camera_B;camera_C;camera_D;camera_E,camera_B;camera_D
P0299,2.4,2.4,B04_03,detector_validation,5.750359,5.750359;50.750359;95.750359;140.750359;185.750359;230.750359;275.750359;320.750359,camera_A;camera_B;camera_C;camera_D;camera_E,camera_B;camera_D
P0300,4.0,2.4,B05_03,commissioning_fit,24.317845,24.317845;69.317845;114.317845;159.317845;204.317845;249.317845;294.317845;339.317845,camera_A;camera_B;camera_C;camera_D;camera_E,camera_D
P0301,4.8,2.4,B05_03,commissioning_fit,24.317845,24.317845;69.317845;114.317845;159.317845;204.317845;249.317845;294.317845;339.317845,camera_A;camera_B;camera_C;camera_D;camera_E,camera_D
P0302,6.4,2.4,B05_03,commissioning_fit,24.317845,24.317845;69.317845;114.317845;159.317845;204.317845;249.317845;294.317845;339.317845,camera_A;camera_B;camera_C;camera_D;camera_E,camera_D
P0303,7.2,2.4,B06_03,commissioning_fit,29.133573,29.133573;74.133573;119.133573;164.133573;209.133573;254.133573;299.133573;344.133573,camera_A;camera_B;camera_C;camera_D;camera_E,camera_D
P0304,8.0,2.4,B06_03,commissioning_fit,29.133573,29.133573;74.133573;119.133573;164.133573;209.133573;254.133573;299.133573;344.133573,camera_A;camera_B;camera_C;camera_D;camera_E,camera_D
P0305,9.2,2.4,B06_03,commissioning_fit,29.133573,29.133573;74.133573;119.133573;164.133573;209.133573;254.133573;299.133573;344.133573,camera_A;camera_B;camera_C;camera_D;camera_E,camera_D;camera_E
P0306,10.4,2.4,B07_03,detector_fit,44.759402,44.759402;89.759402;134.759402;179.759402;224.759402;269.759402;314.759402;359.759402,camera_A;camera_B;camera_C;camera_D;camera_E,camera_C;camera_D;camera_E
P0307,-7.2,2.8,B01_03,commissioning_fit,2.233193,2.233193;47.233193;92.233193;137.233193;182.233193;227.233193;272.233193;317.233193,camera_A;camera_B;camera_C;camera_D;camera_E,camera_C
P0308,-2.8,2.8,B02_03,commissioning_fit,17.766055,17.766055;62.766055;107.766055;152.766055;197.766055;242.766055;287.766055;332.766055,camera_A;camera_B;camera_C;camera_D;camera_E,camera_B
P0309,1.2,2.8,B04_03,detector_validation,5.750359,5.750359;50.750359;95.750359;140.750359;185.750359;230.750359;275.750359;320.750359,camera_A;camera_B;camera_C;camera_D;camera_E,
P0310,2.0,2.8,B04_03,detector_validation,5.750359,5.750359;50.750359;95.750359;140.750359;185.750359;230.750359;275.750359;320.750359,camera_A;camera_B;camera_C;camera_D;camera_E,camera_B
P0311,3.2,2.8,B04_03,detector_validation,5.750359,5.750359;50.750359;95.750359;140.750359;185.750359;230.750359;275.750359;320.750359,camera_A;camera_B;camera_C;camera_D;camera_E,camera_D
P0312,4.4,2.8,B05_03,commissioning_fit,24.317845,24.317845;69.317845;114.317845;159.317845;204.317845;249.317845;294.317845;339.317845,camera_A;camera_B;camera_C;camera_D;camera_E,camera_D
P0313,5.6,2.8,B05_03,commissioning_fit,24.317845,24.317845;69.317845;114.317845;159.317845;204.317845;249.317845;294.317845;339.317845,camera_A;camera_B;camera_C;camera_D;camera_E,camera_D
P0314,6.8,2.8,B05_03,commissioning_fit,24.317845,24.317845;69.317845;114.317845;159.317845;204.317845;249.317845;294.317845;339.317845,camera_A;camera_B;camera_C;camera_D;camera_E,
P0315,7.6,2.8,B06_03,commissioning_fit,29.133573,29.133573;74.133573;119.133573;164.133573;209.133573;254.133573;299.133573;344.133573,camera_A;camera_B;camera_C;camera_D;camera_E,
P0316,8.4,2.8,B06_03,commissioning_fit,29.133573,29.133573;74.133573;119.133573;164.133573;209.133573;254.133573;299.133573;344.133573,camera_A;camera_B;camera_C;camera_D;camera_E,
P0317,10.0,2.8,B06_03,commissioning_fit,29.133573,29.133573;74.133573;119.133573;164.133573;209.133573;254.133573;299.133573;344.133573,camera_A;camera_B;camera_C;camera_D;camera_E,camera_D;camera_E
P0318,-10.8,3.2,B00_04,detector_fit,34.25589,34.255890;79.255890;124.255890;169.255890;214.255890;259.255890;304.255890;349.255890,camera_A;camera_B;camera_C;camera_D;camera_E,camera_A
P0319,-6.8,3.2,B01_04,detector_validation,18.614733,18.614733;63.614733;108.614733;153.614733;198.614733;243.614733;288.614733;333.614733,camera_A;camera_B;camera_C;camera_D;camera_E,camera_C
P0320,-3.2,3.2,B02_04,commissioning_fit,19.352696,19.352696;64.352696;109.352696;154.352696;199.352696;244.352696;289.352696;334.352696,camera_A;camera_B;camera_C;camera_D;camera_E,camera_B
P0321,10.8,3.2,B07_04,detector_validation,39.491135,39.491135;84.491135;129.491135;174.491135;219.491135;264.491135;309.491135;354.491135,camera_A;camera_B;camera_C;camera_D;camera_E,camera_D;camera_E
P0322,-7.2,3.6,B01_04,detector_validation,18.614733,18.614733;63.614733;108.614733;153.614733;198.614733;243.614733;288.614733;333.614733,camera_A;camera_B;camera_C;camera_D;camera_E,camera_C
P0323,-2.8,3.6,B02_04,commissioning_fit,19.352696,19.352696;64.352696;109.352696;154.352696;199.352696;244.352696;289.352696;334.352696,camera_A;camera_B;camera_C;camera_D;camera_E,camera_B
P0324,0.8,3.6,B04_04,commissioning_fit,12.168174,12.168174;57.168174;102.168174;147.168174;192.168174;237.168174;282.168174;327.168174,camera_A;camera_B;camera_C;camera_D;camera_E,
P0325,-6.8,4.0,B01_04,detector_validation,18.614733,18.614733;63.614733;108.614733;153.614733;198.614733;243.614733;288.614733;333.614733,camera_A;camera_B;camera_C;camera_D;camera_E,camera_C
P0326,1.2,4.0,B04_04,commissioning_fit,12.168174,12.168174;57.168174;102.168174;147.168174;192.168174;237.168174;282.168174;327.168174,camera_A;camera_B;camera_C;camera_D;camera_E,
P0327,-10.8,4.4,B00_04,detector_fit,34.25589,34.255890;79.255890;124.255890;169.255890;214.255890;259.255890;304.255890;349.255890,camera_A;camera_B;camera_C;camera_D;camera_E,camera_A
P0328,-7.2,4.4,B01_04,detector_validation,18.614733,18.614733;63.614733;108.614733;153.614733;198.614733;243.614733;288.614733;333.614733,camera_A;camera_B;camera_C;camera_D;camera_E,camera_C
P0329,-3.2,4.4,B02_04,commissioning_fit,19.352696,19.352696;64.352696;109.352696;154.352696;199.352696;244.352696;289.352696;334.352696,camera_A;camera_B;camera_C;camera_D;camera_E,camera_B
P0330,10.8,4.4,B07_04,detector_validation,39.491135,39.491135;84.491135;129.491135;174.491135;219.491135;264.491135;309.491135;354.491135,camera_A;camera_B;camera_C;camera_D;camera_E,camera_D;camera_E
P0331,-6.8,4.8,B01_04,detector_validation,18.614733,18.614733;63.614733;108.614733;153.614733;198.614733;243.614733;288.614733;333.614733,camera_A;camera_B;camera_C;camera_D;camera_E,camera_C
P0332,-2.8,4.8,B02_04,commissioning_fit,19.352696,19.352696;64.352696;109.352696;154.352696;199.352696;244.352696;289.352696;334.352696,camera_A;camera_B;camera_C;camera_D;camera_E,
P0333,0.8,4.8,B04_04,commissioning_fit,12.168174,12.168174;57.168174;102.168174;147.168174;192.168174;237.168174;282.168174;327.168174,camera_A;camera_B;camera_C;camera_D;camera_E,
P0334,-7.2,5.2,B01_04,detector_validation,18.614733,18.614733;63.614733;108.614733;153.614733;198.614733;243.614733;288.614733;333.614733,camera_A;camera_B;camera_C;camera_D;camera_E,camera_C
P0335,-10.8,5.6,B00_04,detector_fit,34.25589,34.255890;79.255890;124.255890;169.255890;214.255890;259.255890;304.255890;349.255890,camera_A;camera_B;camera_C;camera_D;camera_E,camera_A
P0336,-3.2,5.6,B02_04,commissioning_fit,19.352696,19.352696;64.352696;109.352696;154.352696;199.352696;244.352696;289.352696;334.352696,camera_A;camera_B;camera_C;camera_D;camera_E,
P0337,1.2,5.6,B04_04,commissioning_fit,12.168174,12.168174;57.168174;102.168174;147.168174;192.168174;237.168174;282.168174;327.168174,camera_A;camera_B;camera_C;camera_D;camera_E,camera_D
P0338,10.8,5.6,B07_04,detector_validation,39.491135,39.491135;84.491135;129.491135;174.491135;219.491135;264.491135;309.491135;354.491135,camera_A;camera_B;camera_C;camera_D;camera_E,camera_E
P0339,-6.8,6.0,B01_04,detector_validation,18.614733,18.614733;63.614733;108.614733;153.614733;198.614733;243.614733;288.614733;333.614733,camera_A;camera_B;camera_C;camera_D;camera_E,camera_C
P0340,-2.8,6.0,B02_04,commissioning_fit,19.352696,19.352696;64.352696;109.352696;154.352696;199.352696;244.352696;289.352696;334.352696,camera_A;camera_B;camera_C;camera_D;camera_E,
P0341,-7.2,6.4,B01_05,commissioning_fit,12.440307,12.440307;57.440307;102.440307;147.440307;192.440307;237.440307;282.440307;327.440307,camera_A;camera_B;camera_C;camera_D;camera_E,camera_C
P0342,-3.2,6.4,B02_05,commissioning_fit,29.148688,29.148688;74.148688;119.148688;164.148688;209.148688;254.148688;299.148688;344.148688,camera_A;camera_B;camera_C;camera_D;camera_E,
P0343,0.8,6.4,B04_05,final_audit,7.282356,7.282356;52.282356;97.282356;142.282356;187.282356;232.282356;277.282356;322.282356,camera_A;camera_B;camera_C;camera_D;camera_E,camera_D
P0344,2.4,6.4,B04_05,final_audit,7.282356,7.282356;52.282356;97.282356;142.282356;187.282356;232.282356;277.282356;322.282356,camera_A;camera_B;camera_C;camera_D;camera_E,camera_D
P0345,3.6,6.4,B04_05,final_audit,7.282356,7.282356;52.282356;97.282356;142.282356;187.282356;232.282356;277.282356;322.282356,camera_A;camera_B;camera_C;camera_D;camera_E,camera_C;camera_D
P0346,5.2,6.4,B05_05,detector_fit,31.668394,31.668394;76.668394;121.668394;166.668394;211.668394;256.668394;301.668394;346.668394,camera_A;camera_B;camera_C;camera_D;camera_E,camera_C;camera_D
P0347,6.0,6.4,B05_05,detector_fit,31.668394,31.668394;76.668394;121.668394;166.668394;211.668394;256.668394;301.668394;346.668394,camera_A;camera_B;camera_C;camera_D;camera_E,camera_C;camera_D
P0348,7.2,6.4,B06_05,commissioning_fit,0.714918,0.714918;45.714918;90.714918;135.714918;180.714918;225.714918;270.714918;315.714918,camera_A;camera_B;camera_C;camera_D;camera_E,camera_D
P0349,8.4,6.4,B06_05,commissioning_fit,0.714918,0.714918;45.714918;90.714918;135.714918;180.714918;225.714918;270.714918;315.714918,camera_A;camera_B;camera_C;camera_D;camera_E,camera_D
P0350,9.2,6.4,B06_05,commissioning_fit,0.714918,0.714918;45.714918;90.714918;135.714918;180.714918;225.714918;270.714918;315.714918,camera_A;camera_B;camera_C;camera_D;camera_E,camera_D
P0351,10.0,6.4,B06_05,commissioning_fit,0.714918,0.714918;45.714918;90.714918;135.714918;180.714918;225.714918;270.714918;315.714918,camera_A;camera_B;camera_C;camera_D;camera_E,camera_E
P0352,10.8,6.4,B07_05,commissioning_fit,41.108212,41.108212;86.108212;131.108212;176.108212;221.108212;266.108212;311.108212;356.108212,camera_A;camera_B;camera_C;camera_D;camera_E,camera_E
P0353,-10.8,6.8,B00_05,commissioning_fit,6.160469,6.160469;51.160469;96.160469;141.160469;186.160469;231.160469;276.160469;321.160469,camera_A;camera_B;camera_C;camera_D;camera_E,camera_A
P0354,-6.8,6.8,B01_05,commissioning_fit,12.440307,12.440307;57.440307;102.440307;147.440307;192.440307;237.440307;282.440307;327.440307,camera_A;camera_B;camera_C;camera_D;camera_E,camera_C
P0355,1.6,6.8,B04_05,final_audit,7.282356,7.282356;52.282356;97.282356;142.282356;187.282356;232.282356;277.282356;322.282356,camera_A;camera_B;camera_C;camera_D;camera_E,camera_C;camera_D
P0356,2.8,6.8,B04_05,final_audit,7.282356,7.282356;52.282356;97.282356;142.282356;187.282356;232.282356;277.282356;322.282356,camera_A;camera_B;camera_C;camera_D;camera_E,camera_C;camera_D
P0357,4.4,6.8,B05_05,detector_fit,31.668394,31.668394;76.668394;121.668394;166.668394;211.668394;256.668394;301.668394;346.668394,camera_A;camera_B;camera_C;camera_D;camera_E,camera_D
P0358,5.6,6.8,B05_05,detector_fit,31.668394,31.668394;76.668394;121.668394;166.668394;211.668394;256.668394;301.668394;346.668394,camera_A;camera_B;camera_C;camera_D;camera_E,camera_D
P0359,6.4,6.8,B05_05,detector_fit,31.668394,31.668394;76.668394;121.668394;166.668394;211.668394;256.668394;301.668394;346.668394,camera_A;camera_B;camera_C;camera_D;camera_E,camera_D
P0360,8.0,6.8,B06_05,commissioning_fit,0.714918,0.714918;45.714918;90.714918;135.714918;180.714918;225.714918;270.714918;315.714918,camera_A;camera_B;camera_C;camera_D;camera_E,camera_D
P0361,8.8,6.8,B06_05,commissioning_fit,0.714918,0.714918;45.714918;90.714918;135.714918;180.714918;225.714918;270.714918;315.714918,camera_A;camera_B;camera_C;camera_D;camera_E,camera_D
P0362,9.6,6.8,B06_05,commissioning_fit,0.714918,0.714918;45.714918;90.714918;135.714918;180.714918;225.714918;270.714918;315.714918,camera_A;camera_B;camera_C;camera_D;camera_E,camera_E
P0363,10.4,6.8,B07_05,commissioning_fit,41.108212,41.108212;86.108212;131.108212;176.108212;221.108212;266.108212;311.108212;356.108212,camera_A;camera_B;camera_C;camera_D;camera_E,camera_E
P0364,-2.8,7.2,B02_05,commissioning_fit,29.148688,29.148688;74.148688;119.148688;164.148688;209.148688;254.148688;299.148688;344.148688,camera_A;camera_B;camera_C;camera_D;camera_E,camera_C
P0365,0.8,7.2,B04_05,final_audit,7.282356,7.282356;52.282356;97.282356;142.282356;187.282356;232.282356;277.282356;322.282356,camera_A;camera_B;camera_C;camera_D;camera_E,camera_C;camera_D
P0366,-10.8,7.6,B00_05,commissioning_fit,6.160469,6.160469;51.160469;96.160469;141.160469;186.160469;231.160469;276.160469;321.160469,camera_A;camera_B;camera_C;camera_D;camera_E,camera_A
P0367,-7.2,7.6,B01_05,commissioning_fit,12.440307,12.440307;57.440307;102.440307;147.440307;192.440307;237.440307;282.440307;327.440307,camera_A;camera_B;camera_C;camera_D;camera_E,
P0368,10.8,7.6,B07_05,commissioning_fit,41.108212,41.108212;86.108212;131.108212;176.108212;221.108212;266.108212;311.108212;356.108212,camera_A;camera_B;camera_C;camera_D;camera_E,camera_E
P0369,-10.4,8.0,B00_05,commissioning_fit,6.160469,6.160469;51.160469;96.160469;141.160469;186.160469;231.160469;276.160469;321.160469,camera_A;camera_B;camera_C;camera_D;camera_E,camera_A
P0370,-6.8,8.0,B01_05,commissioning_fit,12.440307,12.440307;57.440307;102.440307;147.440307;192.440307;237.440307;282.440307;327.440307,camera_A;camera_B;camera_C;camera_D;camera_E,
P0371,-3.2,8.0,B02_05,commissioning_fit,29.148688,29.148688;74.148688;119.148688;164.148688;209.148688;254.148688;299.148688;344.148688,camera_A;camera_B;camera_C;camera_D;camera_E,camera_C
P0372,-2.4,8.0,B03_05,commissioning_fit,18.305355,18.305355;63.305355;108.305355;153.305355;198.305355;243.305355;288.305355;333.305355,camera_A;camera_B;camera_C;camera_D;camera_E,camera_C
P0373,0.4,8.0,B03_05,commissioning_fit,18.305355,18.305355;63.305355;108.305355;153.305355;198.305355;243.305355;288.305355;333.305355,camera_A;camera_B;camera_C;camera_D;camera_E,camera_C
P0374,1.2,8.0,B04_05,final_audit,7.282356,7.282356;52.282356;97.282356;142.282356;187.282356;232.282356;277.282356;322.282356,camera_A;camera_B;camera_C;camera_D;camera_E,camera_C
P0375,-10.0,8.4,B00_05,commissioning_fit,6.160469,6.160469;51.160469;96.160469;141.160469;186.160469;231.160469;276.160469;321.160469,camera_A;camera_B;camera_C;camera_D;camera_E,camera_A;camera_D
P0376,-8.8,8.4,B01_05,commissioning_fit,12.440307,12.440307;57.440307;102.440307;147.440307;192.440307;237.440307;282.440307;327.440307,camera_A;camera_B;camera_C;camera_D;camera_E,camera_D
P0377,-8.0,8.4,B01_05,commissioning_fit,12.440307,12.440307;57.440307;102.440307;147.440307;192.440307;237.440307;282.440307;327.440307,camera_A;camera_B;camera_C;camera_D;camera_E,camera_D
P0378,-7.2,8.4,B01_05,commissioning_fit,12.440307,12.440307;57.440307;102.440307;147.440307;192.440307;237.440307;282.440307;327.440307,camera_A;camera_B;camera_C;camera_D;camera_E,
P0379,-6.4,8.4,B01_05,commissioning_fit,12.440307,12.440307;57.440307;102.440307;147.440307;192.440307;237.440307;282.440307;327.440307,camera_A;camera_B;camera_C;camera_D;camera_E,
P0380,-5.6,8.4,B02_05,commissioning_fit,29.148688,29.148688;74.148688;119.148688;164.148688;209.148688;254.148688;299.148688;344.148688,camera_A;camera_B;camera_C;camera_D;camera_E,
P0381,-4.8,8.4,B02_05,commissioning_fit,29.148688,29.148688;74.148688;119.148688;164.148688;209.148688;254.148688;299.148688;344.148688,camera_A;camera_B;camera_C;camera_D;camera_E,camera_C
P0382,-4.0,8.4,B02_05,commissioning_fit,29.148688,29.148688;74.148688;119.148688;164.148688;209.148688;254.148688;299.148688;344.148688,camera_A;camera_B;camera_C;camera_D;camera_E,camera_C
P0383,-2.8,8.4,B02_05,commissioning_fit,29.148688,29.148688;74.148688;119.148688;164.148688;209.148688;254.148688;299.148688;344.148688,camera_A;camera_B;camera_C;camera_D;camera_E,camera_C
P0384,-1.6,8.4,B03_05,commissioning_fit,18.305355,18.305355;63.305355;108.305355;153.305355;198.305355;243.305355;288.305355;333.305355,camera_A;camera_B;camera_C;camera_D;camera_E,camera_C
P0385,-0.4,8.4,B03_05,commissioning_fit,18.305355,18.305355;63.305355;108.305355;153.305355;198.305355;243.305355;288.305355;333.305355,camera_A;camera_B;camera_C;camera_D;camera_E,camera_C
P0386,-10.8,8.8,B00_05,commissioning_fit,6.160469,6.160469;51.160469;96.160469;141.160469;186.160469;231.160469;276.160469;321.160469,camera_A;camera_B;camera_C;camera_D;camera_E,camera_A
P0387,-9.6,8.8,B00_05,commissioning_fit,6.160469,6.160469;51.160469;96.160469;141.160469;186.160469;231.160469;276.160469;321.160469,camera_A;camera_B;camera_C;camera_D;camera_E,
P0388,-8.4,8.8,B01_05,commissioning_fit,12.440307,12.440307;57.440307;102.440307;147.440307;192.440307;237.440307;282.440307;327.440307,camera_A;camera_B;camera_C;camera_D;camera_E,
P0389,-7.6,8.8,B01_05,commissioning_fit,12.440307,12.440307;57.440307;102.440307;147.440307;192.440307;237.440307;282.440307;327.440307,camera_A;camera_B;camera_C;camera_D;camera_E,camera_D
P0390,-6.8,8.8,B01_05,commissioning_fit,12.440307,12.440307;57.440307;102.440307;147.440307;192.440307;237.440307;282.440307;327.440307,camera_A;camera_B;camera_C;camera_D;camera_E,
P0391,-6.0,8.8,B01_05,commissioning_fit,12.440307,12.440307;57.440307;102.440307;147.440307;192.440307;237.440307;282.440307;327.440307,camera_A;camera_B;camera_C;camera_D;camera_E,
P0392,-5.2,8.8,B02_05,commissioning_fit,29.148688,29.148688;74.148688;119.148688;164.148688;209.148688;254.148688;299.148688;344.148688,camera_A;camera_B;camera_C;camera_D;camera_E,
P0393,-4.4,8.8,B02_05,commissioning_fit,29.148688,29.148688;74.148688;119.148688;164.148688;209.148688;254.148688;299.148688;344.148688,camera_A;camera_B;camera_C;camera_D;camera_E,
P0394,-3.2,8.8,B02_05,commissioning_fit,29.148688,29.148688;74.148688;119.148688;164.148688;209.148688;254.148688;299.148688;344.148688,camera_A;camera_B;camera_C;camera_D;camera_E,camera_C
P0395,-2.0,8.8,B03_05,commissioning_fit,18.305355,18.305355;63.305355;108.305355;153.305355;198.305355;243.305355;288.305355;333.305355,camera_A;camera_B;camera_C;camera_D;camera_E,camera_C
P0396,-1.2,8.8,B03_05,commissioning_fit,18.305355,18.305355;63.305355;108.305355;153.305355;198.305355;243.305355;288.305355;333.305355,camera_A;camera_B;camera_C;camera_D;camera_E,camera_C
P0397,0.0,8.8,B03_05,commissioning_fit,18.305355,18.305355;63.305355;108.305355;153.305355;198.305355;243.305355;288.305355;333.305355,camera_A;camera_B;camera_C;camera_D;camera_E,camera_C
P0398,0.8,8.8,B04_05,final_audit,7.282356,7.282356;52.282356;97.282356;142.282356;187.282356;232.282356;277.282356;322.282356,camera_A;camera_B;camera_C;camera_D;camera_E,
P0399,10.8,8.8,B07_05,commissioning_fit,41.108212,41.108212;86.108212;131.108212;176.108212;221.108212;266.108212;311.108212;356.108212,camera_A;camera_B;camera_C;camera_D;camera_E,camera_E
