task,condition,model,state,seed,outcome,completion_reason,route,success,failure,collision,collision_stamp_s,collision_x,collision_y,final_goal_distance_m,belief_error_m,belief_sigma_major_m,path_length_m,duration_s,min_clearance_m,run_dir
thesis10_camera_a_western_dock_detour,global_intact,global,intact,91500,goal_reached,goal_reached,west_lower_crossing,1,,0,,,,0.05621841915396201,0.024566931956524426,0.03308684092405537,20.610824543123545,29.599000000000004,0.3116323908661567,logs/thesis/final_campaign/campaign/seed91500/thesis10_camera_a_western_dock_detour/global_intact/seed91500/attempts/995499278dc7424c9d4f71bfdc2c8327/experiment_20260927_210057_926426_fd9f4449b475
thesis10_camera_a_western_dock_detour,global_removal,global,removal,91500,goal_reached,goal_reached,west_lower_crossing,1,,0,,,,0.06388630002027927,0.11348968181206553,0.72233513417646,20.587975977307842,30.997,0.1794892011820366,logs/thesis/final_campaign/campaign/seed91500/thesis10_camera_a_western_dock_detour/global_removal/seed91500/attempts/6221ded6d841469295f780e159af72d0/experiment_20260927_210354_665514_a51daa870b1e
thesis10_camera_a_western_dock_detour,per_camera_intact,per_camera,intact,91500,goal_reached,goal_reached,west_lower_crossing,1,,0,,,,0.06701153272554733,0.02216180907512897,0.03391807397393266,20.586630539809686,29.399000000000004,0.2821551437720408,logs/thesis/final_campaign/campaign/seed91500/thesis10_camera_a_western_dock_detour/per_camera_intact/seed91500/attempts/65dcbfdb66a84b3da4de3f214758d74b/experiment_20260927_210646_417108_3bfafed06220
thesis10_camera_a_western_dock_detour,per_camera_removal,per_camera,removal,91500,goal_reached,goal_reached,west_lower_crossing,1,,0,,,,0.05653053316599142,0.10023688031764792,0.790665066389439,20.51193530260759,31.203000000000003,0.18547291355454712,logs/thesis/final_campaign/campaign/seed91500/thesis10_camera_a_western_dock_detour/per_camera_removal/seed91500/attempts/9d753111e87f4746bb5ba960a642e518/experiment_20260927_211011_785640_cbc9fcfd52f0
thesis10_camera_a_western_dock_detour,spatial_intact,spatial,intact,91500,goal_reached,goal_reached,west_lower_crossing,1,,0,,,,0.0541435976795616,0.030084509084752183,0.04468340159928379,20.67539689329502,29.405,0.25189861648671824,logs/thesis/final_campaign/campaign/seed91500/thesis10_camera_a_western_dock_detour/spatial_intact/seed91500/attempts/478156d9eb634d97aeb1948184952247/experiment_20260927_211153_971448_caafac59ca3b
thesis10_camera_a_western_dock_detour,spatial_removal,spatial,removal,91500,goal_reached,goal_reached,west_middle_aisle,1,,0,,,,0.048130652361616455,0.03410902153798871,0.038210643172432786,20.890330274959524,30.106000000000005,0.2177074374808363,logs/thesis/final_campaign/campaign/seed91500/thesis10_camera_a_western_dock_detour/spatial_removal/seed91500/attempts/177e7732490244c985657f569012983e/experiment_20260927_211346_638710_1bfb78b37316
thesis10_camera_b_cross_warehouse_detour,global_intact,global,intact,91500,goal_reached,goal_reached,middle_aisle_north,1,,0,,,,0.10067768956111095,0.03739000103983028,0.05721955636051324,20.839020168076804,29.799,0.227743484429066,logs/thesis/final_campaign/campaign/seed91500/thesis10_camera_b_cross_warehouse_detour/global_intact/seed91500/attempts/923574a970674a5c891d0d5563f23e6b/experiment_20260927_211526_352836_38f45ad848dc
thesis10_camera_b_cross_warehouse_detour,global_removal,global,removal,91500,goal_reached,goal_reached,middle_aisle_north,0,collision,1,15.600000000000001,-7.224771909873305,8.932727419226387,0.11933684966588184,0.5415996913631883,2.1496079548392224,22.568104923628702,35.7,-0.662434101116036,logs/thesis/final_campaign/campaign/seed91500/thesis10_camera_b_cross_warehouse_detour/global_removal/seed91500/attempts/3bfff605c3774136bb57eab9cdc38501/experiment_20260927_211703_103940_552fdb351d3e
thesis10_camera_b_cross_warehouse_detour,per_camera_intact,per_camera,intact,91500,goal_reached,goal_reached,middle_aisle_north,1,,0,,,,0.09331004185231234,0.054277199250334564,0.047328749777575375,20.895274868101765,29.798000000000002,0.20500493201452838,logs/thesis/final_campaign/campaign/seed91500/thesis10_camera_b_cross_warehouse_detour/per_camera_intact/seed91500/attempts/4173472be88b481a802d212b6dab20b1/experiment_20260927_212016_432222_4d63dbd32b3f
thesis10_camera_b_cross_warehouse_detour,per_camera_removal,per_camera,removal,91500,goal_reached,goal_reached,middle_aisle_north,0,collision,1,15.628,-7.200882063659709,8.939569293306981,0.16813654845910253,0.722181760220792,2.358485967686309,23.18216534502307,43.294000000000004,-0.663107256535706,logs/thesis/final_campaign/campaign/seed91500/thesis10_camera_b_cross_warehouse_detour/per_camera_removal/seed91500/attempts/7fb5a25ad5cb4ecd9e594715a1d6a0aa/experiment_20260927_212244_275073_c165e3cec8a8
thesis10_camera_b_cross_warehouse_detour,spatial_intact,spatial,intact,91500,goal_reached,goal_reached,middle_aisle_north,1,,0,,,,0.06554329679910861,0.026072668250150834,0.0481502911590626,20.71642547415165,28.8,0.2860695115807115,logs/thesis/final_campaign/campaign/seed91500/thesis10_camera_b_cross_warehouse_detour/spatial_intact/seed91500/attempts/90471a2ed6a141328f363763160af0a5/experiment_20260927_212617_040413_1d078917481f
thesis10_camera_b_cross_warehouse_detour,spatial_removal,spatial,removal,91500,goal_reached,goal_reached,lower_crossing,1,,0,,,,0.06906298368364866,0.02517131877960981,0.028254341776246472,23.699897224041027,36.495000000000005,0.3353935289185257,logs/thesis/final_campaign/campaign/seed91500/thesis10_camera_b_cross_warehouse_detour/spatial_removal/seed91500/attempts/6a2437db20db4ff6b33d1bfafcff61a1/experiment_20260927_212844_250582_24c22403105a
thesis10_camera_c_inner_warehouse_detour,global_intact,global,intact,91500,goal_reached,goal_reached,middle_aisle,1,,0,,,,0.04358317346027752,0.051264877090696194,0.05408871248314603,18.38562363722986,28.897000000000002,0.27508192285975364,logs/thesis/final_campaign/campaign/seed91500/thesis10_camera_c_inner_warehouse_detour/global_intact/seed91500/attempts/0ac611d081494ac28b7b68af7af95a00/experiment_20260927_213135_064113_3a3bc3c90869
thesis10_camera_c_inner_warehouse_detour,global_removal,global,removal,91500,goal_reached,goal_reached,middle_aisle,0,collision,1,15.114,-2.3573756474448144,-1.639076036473219,1.022373978502071,0.7395206907005679,0.3688767061597963,18.89295933855117,27.396000000000004,-0.00019342862410446209,logs/thesis/final_campaign/campaign/seed91500/thesis10_camera_c_inner_warehouse_detour/global_removal/seed91500/attempts/5f7dc8d129374f2f96d7eea6e260ca3a/experiment_20260927_213408_104547_775118e4a7e0
thesis10_camera_c_inner_warehouse_detour,per_camera_intact,per_camera,intact,91500,goal_reached,goal_reached,middle_aisle,1,,0,,,,0.04420288324720016,0.04965701089944343,0.045975118745772973,18.36122540899025,28.597,0.321852096494184,logs/thesis/final_campaign/campaign/seed91500/thesis10_camera_c_inner_warehouse_detour/per_camera_intact/seed91500/attempts/dcdf0b02860441acaec39898190d5a33/experiment_20260927_213653_719965_09fbb38e8436
thesis10_camera_c_inner_warehouse_detour,per_camera_removal,per_camera,removal,91500,goal_reached,goal_reached,middle_aisle,0,collision,1,12.281,-2.3736077586454245,1.4046857612676955,0.04434083077864243,0.3659522856552541,0.1226846219983428,19.71817662439678,48.495000000000005,-0.0016283110997609923,logs/thesis/final_campaign/campaign/seed91500/thesis10_camera_c_inner_warehouse_detour/per_camera_removal/seed91500/attempts/ee335eea594841d3bc0a37a291baaf90/experiment_20260927_213944_280759_1193b8433997
thesis10_camera_c_inner_warehouse_detour,spatial_intact,spatial,intact,91500,goal_reached,goal_reached,middle_aisle,1,,0,,,,0.04506994463114976,0.03555404561650724,0.049465816715648536,18.325860673286844,26.098000000000003,0.32499898985847686,logs/thesis/final_campaign/campaign/seed91500/thesis10_camera_c_inner_warehouse_detour/spatial_intact/seed91500/attempts/5f0e309a76af446d84a79e1e5b411904/experiment_20260927_214359_126254_49cac2a1c614
thesis10_camera_c_inner_warehouse_detour,spatial_removal,spatial,removal,91500,goal_reached,goal_reached,north_east_lanes,1,,0,,,,0.03885692522701627,0.029437333147940524,0.025189219354813337,18.508113275559204,27.598000000000003,0.25203485116529434,logs/thesis/final_campaign/campaign/seed91500/thesis10_camera_c_inner_warehouse_detour/spatial_removal/seed91500/attempts/fdcb1d8afee349679068163fc221f2e4/experiment_20260927_214616_627985_c77f0af2d803
thesis10_camera_e_eastern_detour,global_intact,global,intact,91500,goal_reached,goal_reached,upper_crossing,1,,0,,,,0.07559231982719106,0.03084864757016114,0.04575449529928609,23.738025198016174,33.19800000000001,0.3174451246842054,logs/thesis/final_campaign/campaign/seed91500/thesis10_camera_e_eastern_detour/global_intact/seed91500/attempts/f2ad0bf4afe94b0bb85401fad02ad074/experiment_20260927_214840_363132_a5033768876e
thesis10_camera_e_eastern_detour,global_removal,global,removal,91500,goal_reached,goal_reached,upper_crossing,1,,0,,,,0.05599661795228738,0.03035049203137045,0.040052501014399416,23.922441635576753,33.697,0.32747872437414216,logs/thesis/final_campaign/campaign/seed91500/thesis10_camera_e_eastern_detour/global_removal/seed91500/attempts/4dd76d8dc3744bc39aca1ac7c6e23d46/experiment_20260927_215034_378187_9fb966426ac7
thesis10_camera_e_eastern_detour,per_camera_intact,per_camera,intact,91500,goal_reached,goal_reached,upper_crossing,1,,0,,,,0.06515311678427307,0.03125012001294068,0.03428727586273062,23.81791726934636,33.496,0.3677364140863908,logs/thesis/final_campaign/campaign/seed91500/thesis10_camera_e_eastern_detour/per_camera_intact/seed91500/attempts/e2096cf5d65744cfa9b2bb4197664ad5/experiment_20260927_215459_981862_27d1bc5fea50
thesis10_camera_e_eastern_detour,per_camera_removal,per_camera,removal,91500,goal_reached,goal_reached,upper_crossing,1,,0,,,,0.07873870889500599,0.04626819247958827,0.04747341724038937,23.983444098832123,34.0,0.366782351417136,logs/thesis/final_campaign/campaign/seed91500/thesis10_camera_e_eastern_detour/per_camera_removal/seed91500/attempts/6b8173eeadf04afbae4acc0c28997906/experiment_20260927_215800_512518_ddd6eaa3e721
thesis10_camera_e_eastern_detour,spatial_intact,spatial,intact,91500,goal_reached,goal_reached,upper_crossing,1,,0,,,,0.06672115865141359,0.026190781552859185,0.041401204890304334,23.764852287221924,32.504,0.3140188148082057,logs/thesis/final_campaign/campaign/seed91500/thesis10_camera_e_eastern_detour/spatial_intact/seed91500/attempts/4d182ee38f1740248a0a391644508ac6/experiment_20260927_220104_755639_a520f5646719
thesis10_camera_e_eastern_detour,spatial_removal,spatial,removal,91500,goal_reached,goal_reached,upper_crossing,1,,0,,,,0.0879440506742473,0.028130719114999536,0.043341536147398746,23.76956651841347,33.599000000000004,0.3584150003912647,logs/thesis/final_campaign/campaign/seed91500/thesis10_camera_e_eastern_detour/spatial_removal/seed91500/attempts/4f23d5197f8741e4ac3135c98ec2a008/experiment_20260927_220254_400527_62d2d48d3a9c
thesis10_camera_e_long_cross_warehouse_detour,global_intact,global,intact,91500,goal_reached,goal_reached,middle_connector,1,,0,,,,0.05626762313988793,0.04444522164056011,0.04267043707962032,30.71946171966186,45.6,0.24999999998718714,logs/thesis/final_campaign/campaign/seed91500/thesis10_camera_e_long_cross_warehouse_detour/global_intact/seed91500/attempts/46cc0fc88c7e4292be4811a63d29c166/experiment_20260927_220611_280961_3c18f8fc80e5
thesis10_camera_e_long_cross_warehouse_detour,global_removal,global,removal,91500,goal_reached,goal_reached,middle_connector,1,,0,,,,0.05424055893758529,0.041857440887504226,0.03969102374809757,30.55739703307871,45.693,0.24999999998718714,logs/thesis/final_campaign/campaign/seed91500/thesis10_camera_e_long_cross_warehouse_detour/global_removal/seed91500/attempts/aef46d5b037e4cce9feba299bdb8d8cf/experiment_20260927_220904_647272_56eb3aa05ea4
thesis10_camera_e_long_cross_warehouse_detour,per_camera_intact,per_camera,intact,91500,goal_reached,goal_reached,middle_connector,1,,0,,,,0.048236624696296006,0.04298603252823145,0.040135284470043844,30.62076872509924,44.198,0.24999999998718714,logs/thesis/final_campaign/campaign/seed91500/thesis10_camera_e_long_cross_warehouse_detour/per_camera_intact/seed91500/attempts/5b1e84eb299d40fc8ed7da3c530bd23a/experiment_20260927_221230_179083_6fea150ff097
thesis10_camera_e_long_cross_warehouse_detour,per_camera_removal,per_camera,removal,91500,goal_reached,goal_reached,middle_connector,1,,0,,,,0.053531451107723685,0.04227835526531626,0.0410800323082619,30.61578338810415,45.00000000000001,0.24999999998718714,logs/thesis/final_campaign/campaign/seed91500/thesis10_camera_e_long_cross_warehouse_detour/per_camera_removal/seed91500/attempts/850eda31b9ac42f0ae0473028898052b/experiment_20260927_221548_887116_0c3f0e24a0b8
thesis10_camera_e_long_cross_warehouse_detour,spatial_intact,spatial,intact,91500,goal_reached,goal_reached,upper_crossing,1,,0,,,,0.05048191434256513,0.02903033141374464,0.03929049869786475,32.06454237291258,46.199000000000005,0.16523647745755987,logs/thesis/final_campaign/campaign/seed91500/thesis10_camera_e_long_cross_warehouse_detour/spatial_intact/seed91500/attempts/05d824ad11024904bc5a5ae2d4be48ea/experiment_20260927_221951_626917_2ab8a507befb
thesis10_camera_e_long_cross_warehouse_detour,spatial_removal,spatial,removal,91500,goal_reached,goal_reached,middle_connector,1,,0,,,,0.04619810375444813,0.028812901585467985,0.03764503222952583,30.737513929256654,44.896,0.24999999998718714,logs/thesis/final_campaign/campaign/seed91500/thesis10_camera_e_long_cross_warehouse_detour/spatial_removal/seed91500/attempts/2deb1d3d333e4a878a74e50ea3550b00/experiment_20260927_222247_616867_7cae60298f2a
thesis10_camera_a_western_dock_detour,global_intact,global,intact,91501,goal_reached,goal_reached,west_lower_crossing,1,,0,,,,0.05918747701481006,0.030364568693709505,0.04276013003796747,20.608319558497747,29.705000000000002,0.31537939859649455,logs/thesis/final_campaign/campaign/seed91501/thesis10_camera_a_western_dock_detour/global_intact/seed91501/attempts/9058895740c641f6a1dbcb32502e9a42/experiment_20260927_225004_816433_8f10f1190d0e
thesis10_camera_a_western_dock_detour,global_removal,global,removal,91501,goal_reached,goal_reached,west_lower_crossing,1,,0,,,,0.06372321122127117,0.04879182996727143,0.677071483052525,20.616607691030023,30.998,0.1913270809791072,logs/thesis/final_campaign/campaign/seed91501/thesis10_camera_a_western_dock_detour/global_removal/seed91501/attempts/458718357ff94d92aafecbfe5647d5cc/experiment_20260927_225220_219965_08f592375257
thesis10_camera_a_western_dock_detour,per_camera_intact,per_camera,intact,91501,goal_reached,goal_reached,west_lower_crossing,1,,0,,,,0.05771579033355722,0.02415410281744884,0.03810948889468322,20.6343598082307,29.194000000000003,0.27650909051392064,logs/thesis/final_campaign/campaign/seed91501/thesis10_camera_a_western_dock_detour/per_camera_intact/seed91501/attempts/5b4a1a70f63a4a898b3ac9f24cde775d/experiment_20260927_225547_500005_512d33b32a06
thesis10_camera_a_western_dock_detour,per_camera_removal,per_camera,removal,91501,goal_reached,goal_reached,west_lower_crossing,0,collision,1,16.786,-10.152461376411773,-4.423327405390505,0.04990285346529365,0.1360287460805349,0.5636905954568123,21.373229704005514,42.596000000000004,-0.0008453273166031336,logs/thesis/final_campaign/campaign/seed91501/thesis10_camera_a_western_dock_detour/per_camera_removal/seed91501/attempts/26a585e5ff544d42bc4b32343422b1c0/experiment_20260927_225829_472973_aaa917a979f5
thesis10_camera_a_western_dock_detour,spatial_intact,spatial,intact,91501,goal_reached,goal_reached,west_lower_crossing,1,,0,,,,0.06387424608648808,0.022213277989669142,0.02832444012889844,20.65306147802736,28.997,0.24398560041673534,logs/thesis/final_campaign/campaign/seed91501/thesis10_camera_a_western_dock_detour/spatial_intact/seed91501/attempts/9c98e51ba2644d3aacbad7f24dfd0c46/experiment_20260927_230149_542549_74c064721c0c
thesis10_camera_a_western_dock_detour,spatial_removal,spatial,removal,91501,goal_reached,goal_reached,west_middle_aisle,1,,0,,,,0.05329404406455416,0.03119582161792284,0.03269969935811015,20.837323674982382,30.195999999999998,0.21595026494212452,logs/thesis/final_campaign/campaign/seed91501/thesis10_camera_a_western_dock_detour/spatial_removal/seed91501/attempts/3b4052048f864c4186d4845044df717d/experiment_20260927_230500_340484_1ce3eccf10a7
thesis10_camera_b_cross_warehouse_detour,global_intact,global,intact,91501,goal_reached,goal_reached,middle_aisle_north,1,,0,,,,0.08884333628056108,0.044400417920333786,0.05376492082703197,20.903298873506348,29.701,0.20142236023040996,logs/thesis/final_campaign/campaign/seed91501/thesis10_camera_b_cross_warehouse_detour/global_intact/seed91501/attempts/c0305c6e63c64511b274645fd447555a/experiment_20260927_230758_085168_6543403eb7d5
thesis10_camera_b_cross_warehouse_detour,global_removal,global,removal,91501,goal_reached,goal_reached,middle_aisle_north,0,collision,1,22.19,-2.8610776825495425,9.029057425915886,0.12008345604203013,0.2587798527178555,1.2347184778159774,21.736448593844514,33.59700000000001,-0.20215815118272576,logs/thesis/final_campaign/campaign/seed91501/thesis10_camera_b_cross_warehouse_detour/global_removal/seed91501/attempts/2b4010142d7f416db03611edeb840878/experiment_20260927_231022_640244_f53d94270edd
thesis10_camera_b_cross_warehouse_detour,per_camera_intact,per_camera,intact,91501,goal_reached,goal_reached,middle_aisle_north,1,,0,,,,0.11562998727360428,0.05138400514814527,0.06006839227696428,20.836996885521813,29.999000000000002,0.21020563977433682,logs/thesis/final_campaign/campaign/seed91501/thesis10_camera_b_cross_warehouse_detour/per_camera_intact/seed91501/attempts/ffcc80035f4b40f79a8957367df09dc1/experiment_20260927_231231_017385_8ce46c53146a
thesis10_camera_b_cross_warehouse_detour,per_camera_removal,per_camera,removal,91501,goal_reached,goal_reached,middle_aisle_north,0,collision,1,23.882,-2.541854494114216,8.935113058335645,0.08999750623516982,0.28176892738411935,1.098403472471037,21.474129498412367,36.193,-0.006207175913119759,logs/thesis/final_campaign/campaign/seed91501/thesis10_camera_b_cross_warehouse_detour/per_camera_removal/seed91501/attempts/0d33559652d740f38d96390afc07e2fb/experiment_20260927_231416_284003_f7d0f75eec36
thesis10_camera_b_cross_warehouse_detour,spatial_intact,spatial,intact,91501,goal_reached,goal_reached,middle_aisle_north,1,,0,,,,0.06562552762725846,0.029670383880813538,0.036293787763601565,20.769344460252036,29.098000000000003,0.23593804963225473,logs/thesis/final_campaign/campaign/seed91501/thesis10_camera_b_cross_warehouse_detour/spatial_intact/seed91501/attempts/d7468b1f1da84510b311b0180f9ed5e7/experiment_20260927_231733_722019_4e1ca877dd0c
thesis10_camera_b_cross_warehouse_detour,spatial_removal,spatial,removal,91501,goal_reached,goal_reached,lower_crossing,1,,0,,,,0.05577241760594063,0.029829024219547928,0.03231298900210498,23.79137817229665,36.904,0.33885713931308725,logs/thesis/final_campaign/campaign/seed91501/thesis10_camera_b_cross_warehouse_detour/spatial_removal/seed91501/attempts/f39e3b305d6645fca8e015cc00ddb639/experiment_20260927_232039_873760_c99ce0867f77
thesis10_camera_c_inner_warehouse_detour,global_intact,global,intact,91501,goal_reached,goal_reached,middle_aisle,1,,0,,,,0.04229178111355362,0.03732804222997293,0.05153598409459977,18.346629058218596,26.793000000000003,0.32499898985847686,logs/thesis/final_campaign/campaign/seed91501/thesis10_camera_c_inner_warehouse_detour/global_intact/seed91501/attempts/6fc4d9fbefa247a09e6b989507726e58/experiment_20260927_232348_867273_47ff6c305165
thesis10_camera_c_inner_warehouse_detour,global_removal,global,removal,91501,goal_reached,goal_reached,middle_aisle,1,,0,,,,0.04169025459110176,0.051515071216117016,0.07844402003439163,18.339563638442247,25.003,0.32499898985847686,logs/thesis/final_campaign/campaign/seed91501/thesis10_camera_c_inner_warehouse_detour/global_removal/seed91501/attempts/ebbf02fbb81d4f77a087edf09ec353b4/experiment_20260928_003630_211429_f31014bdaa4d
thesis10_camera_c_inner_warehouse_detour,per_camera_intact,per_camera,intact,91501,goal_reached,goal_reached,middle_aisle,0,collision,1,12.472000000000001,-2.4592866204674455,-0.007353014736334206,0.050717379473204,0.09503252979990637,0.06245554609258503,18.48927371543724,34.394,-8.507944157010604e-05,logs/thesis/final_campaign/campaign/seed91501/thesis10_camera_c_inner_warehouse_detour/per_camera_intact/seed91501/attempts/5718691b654149f2a1f5c38cdadb8753/experiment_20260927_233013_004381_537be04b05cd
thesis10_camera_c_inner_warehouse_detour,per_camera_removal,per_camera,removal,91501,goal_reached,goal_reached,middle_aisle,0,collision,1,13.061,-2.3697127131775484,-0.9466976680110674,0.032933994921447954,0.18558543239184885,0.08609320042396561,20.57793315868734,48.007000000000005,-0.0005383851386011225,logs/thesis/final_campaign/campaign/seed91501/thesis10_camera_c_inner_warehouse_detour/per_camera_removal/seed91501/attempts/f2d03448878c427995b60e9302397263/experiment_20260927_233212_286164_24ee06269963
thesis10_camera_c_inner_warehouse_detour,spatial_intact,spatial,intact,91501,goal_reached,goal_reached,middle_aisle,1,,0,,,,0.05155995078258519,0.044620819658889185,0.050730461074636586,18.36923233020762,27.999000000000002,0.32499898985847686,logs/thesis/final_campaign/campaign/seed91501/thesis10_camera_c_inner_warehouse_detour/spatial_intact/seed91501/attempts/441a1b04f5b6438ca57dfc2977a4aa4d/experiment_20260927_233433_757210_01a61792c3f1
thesis10_camera_c_inner_warehouse_detour,spatial_removal,spatial,removal,91501,goal_reached,goal_reached,north_east_lanes,1,,0,,,,0.03941662349680947,0.029078910371320436,0.03245168437068075,18.44279394426135,26.908,0.29959656339930163,logs/thesis/final_campaign/campaign/seed91501/thesis10_camera_c_inner_warehouse_detour/spatial_removal/seed91501/attempts/184c750ef49944cebbca419e49c79ec6/experiment_20260927_233704_496668_971a4d9cbc83
thesis10_camera_e_eastern_detour,global_intact,global,intact,91501,goal_reached,goal_reached,upper_crossing,1,,0,,,,0.07075350895153919,0.03154549688057035,0.03819449155642568,23.79954546330091,33.10000000000001,0.35672388289345314,logs/thesis/final_campaign/campaign/seed91501/thesis10_camera_e_eastern_detour/global_intact/seed91501/attempts/a7fb846ce29044cab99a838de5d00402/experiment_20260927_233934_001442_b2d40bf25e86
thesis10_camera_e_eastern_detour,global_removal,global,removal,91501,goal_reached,goal_reached,upper_crossing,1,,0,,,,0.05804884255493831,0.038346437867436356,0.04314795178186882,23.778608677530126,33.099000000000004,0.35535344536878277,logs/thesis/final_campaign/campaign/seed91501/thesis10_camera_e_eastern_detour/global_removal/seed91501/attempts/d38711a1d460439a8b11170d0a5e328e/experiment_20260927_234234_149481_fc0f7d210f94
thesis10_camera_e_eastern_detour,per_camera_intact,per_camera,intact,91501,goal_reached,goal_reached,upper_crossing,1,,0,,,,0.07929299227648022,0.03777446469054538,0.04494755439029813,23.85685794341606,33.50000000000001,0.3230487525154136,logs/thesis/final_campaign/campaign/seed91501/thesis10_camera_e_eastern_detour/per_camera_intact/seed91501/attempts/f3c9998dc4c0429f93fed39536572227/experiment_20260927_234555_966455_4662bdb1baf4
thesis10_camera_e_eastern_detour,per_camera_removal,per_camera,removal,91501,goal_reached,goal_reached,upper_crossing,1,,0,,,,0.06601540477104191,0.050148731224091414,0.049238868467039815,24.001962538823808,35.095000000000006,0.3057154320247051,logs/thesis/final_campaign/campaign/seed91501/thesis10_camera_e_eastern_detour/per_camera_removal/seed91501/attempts/e0d286cb5872477886375778119dd8ec/experiment_20260927_234836_751771_5a20803c4209
thesis10_camera_e_eastern_detour,spatial_intact,spatial,intact,91501,goal_reached,goal_reached,upper_crossing,1,,0,,,,0.07821126146909155,0.03530216165800407,0.050355996480092625,23.79989937218892,32.708000000000006,0.325322318883158,logs/thesis/final_campaign/campaign/seed91501/thesis10_camera_e_eastern_detour/spatial_intact/seed91501/attempts/a786d2d0de4d42cebe15dafe9c5fd5e1/experiment_20260927_235025_703562_d43eec043742
thesis10_camera_e_eastern_detour,spatial_removal,spatial,removal,91501,goal_reached,goal_reached,upper_crossing,1,,0,,,,0.05986192557585455,0.03571340895247049,0.048592706540596164,23.87114753501391,33.2,0.31599554035537203,logs/thesis/final_campaign/campaign/seed91501/thesis10_camera_e_eastern_detour/spatial_removal/seed91501/attempts/1e66a0150bfb4c19bfd0a510075fd487/experiment_20260927_235207_798290_387c9de43e29
thesis10_camera_e_long_cross_warehouse_detour,global_intact,global,intact,91501,goal_reached,goal_reached,middle_connector,1,,0,,,,0.050020452355113404,0.03452734534173535,0.038425627609476376,30.865508811672267,45.199,0.24999999998718714,logs/thesis/final_campaign/campaign/seed91501/thesis10_camera_e_long_cross_warehouse_detour/global_intact/seed91501/attempts/bbaa6d0dd1b04236bf047f7195634c81/experiment_20260927_235408_943214_ea64355a9672
thesis10_camera_e_long_cross_warehouse_detour,global_removal,global,removal,91501,goal_reached,goal_reached,middle_connector,1,,0,,,,0.05354118825972616,0.041091068814546605,0.045462635756044284,30.716864146121456,47.003,0.2101186082300952,logs/thesis/final_campaign/campaign/seed91501/thesis10_camera_e_long_cross_warehouse_detour/global_removal/seed91501/attempts/719c97af2d9043e0a647dc091fa283e3/experiment_20260927_235806_805095_b90741863851
thesis10_camera_e_long_cross_warehouse_detour,per_camera_intact,per_camera,intact,91501,goal_reached,goal_reached,middle_connector,1,,0,,,,0.04800017533467385,0.0409932315628924,0.043002566727624064,30.585793374861247,43.999,0.24970945005873132,logs/thesis/final_campaign/campaign/seed91501/thesis10_camera_e_long_cross_warehouse_detour/per_camera_intact/seed91501/attempts/95df4d47772541b5a842c4ae1d4af1e1/experiment_20260928_000037_606426_e1e6f2d0e0d8
thesis10_camera_e_long_cross_warehouse_detour,per_camera_removal,per_camera,removal,91501,goal_reached,goal_reached,middle_connector,1,,0,,,,0.05625039717624457,0.033488532900720396,0.04445003917989892,30.619579863575304,44.29900000000001,0.2368222887685203,logs/thesis/final_campaign/campaign/seed91501/thesis10_camera_e_long_cross_warehouse_detour/per_camera_removal/seed91501/attempts/7d6315719bb44f5aae4e9bb88f104573/experiment_20260928_000430_014923_e7719959b7db
thesis10_camera_e_long_cross_warehouse_detour,spatial_intact,spatial,intact,91501,goal_reached,goal_reached,upper_crossing,1,,0,,,,0.05403465408193544,0.02935977630418983,0.03387055491283988,32.149088245673106,47.6,0.15870263859007672,logs/thesis/final_campaign/campaign/seed91501/thesis10_camera_e_long_cross_warehouse_detour/spatial_intact/seed91501/attempts/9fff0ca927fb4ad89e0d0902a563a4fc/experiment_20260928_001024_873396_a8699a592360
thesis10_camera_e_long_cross_warehouse_detour,spatial_removal,spatial,removal,91501,goal_reached,goal_reached,middle_connector,1,,0,,,,0.05373013014478282,0.03338707368922039,0.04356386458235973,30.555635689435594,44.6,0.24999999998718714,logs/thesis/final_campaign/campaign/seed91501/thesis10_camera_e_long_cross_warehouse_detour/spatial_removal/seed91501/attempts/d11e1f27c2c0405db418b50199703e0d/experiment_20260928_001603_049314_5345019df4c5
thesis10_camera_a_western_dock_detour,global_intact,global,intact,91502,goal_reached,goal_reached,west_lower_crossing,1,,0,,,,0.06476107414936476,0.027428332679115257,0.03862188232928008,20.615954326718118,29.0,0.30047387374443163,logs/thesis/final_campaign/campaign/seed91502/thesis10_camera_a_western_dock_detour/global_intact/seed91502/attempts/1f0e24e843094f41b387eb8278197fb8/experiment_20260928_004017_753167_397d2e589366
thesis10_camera_a_western_dock_detour,global_removal,global,removal,91502,goal_reached,goal_reached,west_lower_crossing,1,,0,,,,0.06598762920842377,0.09107037607702269,0.7195758509155896,20.611098859158627,28.898000000000003,0.2998852683387021,logs/thesis/final_campaign/campaign/seed91502/thesis10_camera_a_western_dock_detour/global_removal/seed91502/attempts/361c1ff6a365458e92b39d4f99c2c49f/experiment_20260928_004420_840598_8c30238d34c7
thesis10_camera_a_western_dock_detour,per_camera_intact,per_camera,intact,91502,goal_reached,goal_reached,west_lower_crossing,1,,0,,,,0.07274693471503414,0.027756879832013696,0.04635578322789944,20.5976407673537,29.097,0.27430216423415205,logs/thesis/final_campaign/campaign/seed91502/thesis10_camera_a_western_dock_detour/per_camera_intact/seed91502/attempts/377c655a24c44825974644f4ab23d7a5/experiment_20260928_004736_243511_26a426054848
thesis10_camera_a_western_dock_detour,per_camera_removal,per_camera,removal,91502,goal_reached,goal_reached,west_lower_crossing,0,collision,1,13.542000000000002,-10.15312361070837,-1.1799298986224784,0.053787049458381364,0.2538935989874989,0.46496116625018136,24.021989227795835,60.103,-0.0013058373640556112,logs/thesis/final_campaign/campaign/seed91502/thesis10_camera_a_western_dock_detour/per_camera_removal/seed91502/attempts/60e2fcd76e8a41c196c71251715103a7/experiment_20260928_005015_892363_e7c711ea7776
thesis10_camera_a_western_dock_detour,spatial_intact,spatial,intact,91502,goal_reached,goal_reached,west_lower_crossing,1,,0,,,,0.06058840309482292,0.02942578202646061,0.04334770183664209,20.68311880673253,29.495,0.25809777475717505,logs/thesis/final_campaign/campaign/seed91502/thesis10_camera_a_western_dock_detour/spatial_intact/seed91502/attempts/c879c52a132c4a0cbd9d126d4514a64a/experiment_20260928_005316_460251_18f3f1f39c58
thesis10_camera_a_western_dock_detour,spatial_removal,spatial,removal,91502,goal_reached,goal_reached,west_middle_aisle,1,,0,,,,0.05309160872380487,0.030741136037462712,0.032322022021054816,20.79664140668862,30.097,0.2172802514991048,logs/thesis/final_campaign/campaign/seed91502/thesis10_camera_a_western_dock_detour/spatial_removal/seed91502/attempts/82a67d15471042d6b234146144a3aa61/experiment_20260928_005506_605580_b85042a22b6b
thesis10_camera_b_cross_warehouse_detour,global_intact,global,intact,91502,goal_reached,goal_reached,middle_aisle_north,1,,0,,,,0.1281469103849014,0.04923029396109639,0.03467060494367983,20.89663538062717,29.999000000000002,0.19283062160663175,logs/thesis/final_campaign/campaign/seed91502/thesis10_camera_b_cross_warehouse_detour/global_intact/seed91502/attempts/83a2e2df0946466aa2b71169d739e912/experiment_20260928_005959_069886_0220b50b5d8e
thesis10_camera_b_cross_warehouse_detour,global_removal,global,removal,91502,goal_reached,goal_reached,middle_aisle_north,1,,0,,,,0.10978568385004743,0.14116996588597389,1.762555124466933,21.040014947361183,28.194000000000003,0.173581884453613,logs/thesis/final_campaign/campaign/seed91502/thesis10_camera_b_cross_warehouse_detour/global_removal/seed91502/attempts/d01b0dfd7b7c4f3fb79dd3a65059504c/experiment_20260928_010401_137901_7ea770087540
thesis10_camera_b_cross_warehouse_detour,per_camera_intact,per_camera,intact,91502,goal_reached,goal_reached,middle_aisle_north,1,,0,,,,0.11049553849902581,0.0465179516430352,0.053450036895653474,20.876125891350547,29.396,0.18595167993231418,logs/thesis/final_campaign/campaign/seed91502/thesis10_camera_b_cross_warehouse_detour/per_camera_intact/seed91502/attempts/64faec26b1f345a1b011a00f2d4b5056/experiment_20260928_010614_456646_e6582b880241
thesis10_camera_b_cross_warehouse_detour,per_camera_removal,per_camera,removal,91502,stuck,stuck,middle_aisle_north,0,collision,1,30.523000000000003,1.3506463590641953,8.45900551916115,1.2668139853826654,0.46527870095032187,1.2364647667711688,20.80824990563824,35.291000000000004,-0.0005842527602731365,logs/thesis/final_campaign/campaign/seed91502/thesis10_camera_b_cross_warehouse_detour/per_camera_removal/seed91502/attempts/2297830b829f4653b035478cb7f81a17/experiment_20260928_010834_324511_c511e71ccf6f
thesis10_camera_b_cross_warehouse_detour,spatial_intact,spatial,intact,91502,goal_reached,goal_reached,middle_aisle_north,1,,0,,,,0.061585999819369505,0.04119276626281349,0.05087116806391926,20.86803549384201,29.299,0.24728611292393587,logs/thesis/final_campaign/campaign/seed91502/thesis10_camera_b_cross_warehouse_detour/spatial_intact/seed91502/attempts/dbaa0129f2864a7d8f90b1d25298092f/experiment_20260928_011117_320907_eead3587fc1b
thesis10_camera_b_cross_warehouse_detour,spatial_removal,spatial,removal,91502,goal_reached,goal_reached,lower_crossing,1,,0,,,,0.07128316462365046,0.03092940322764861,0.035996626855563665,23.74738517551392,37.197,0.3224867629989623,logs/thesis/final_campaign/campaign/seed91502/thesis10_camera_b_cross_warehouse_detour/spatial_removal/seed91502/attempts/522a8b06d1734dbfa03caf31f1af7f0f/experiment_20260928_011259_007551_f342b4083073
thesis10_camera_c_inner_warehouse_detour,global_intact,global,intact,91502,goal_reached,goal_reached,middle_aisle,0,collision,1,10.782,-2.38303818984049,2.0032780639399945,0.04757138761988482,0.5092555818685954,0.1569870747215105,18.611239510934144,50.202,-0.00031774697795820307,logs/thesis/final_campaign/campaign/seed91502/thesis10_camera_c_inner_warehouse_detour/global_intact/seed91502/attempts/e23fabbc7678471e93a5c332f6129c36/experiment_20260928_011451_636817_29dc5f61cce1
thesis10_camera_c_inner_warehouse_detour,global_removal,global,removal,91502,goal_reached,goal_reached,middle_aisle,0,collision,1,16.708000000000002,-2.3596979438050645,-2.843338126929549,0.044533813791983394,0.15751439533311976,0.07737365405618814,19.56403497644747,40.997,-0.00033962464464484007,logs/thesis/final_campaign/campaign/seed91502/thesis10_camera_c_inner_warehouse_detour/global_removal/seed91502/attempts/33dda1a7d886476d97dd4a14e08bcc8a/experiment_20260928_011720_115600_0e49cb6cf659
thesis10_camera_c_inner_warehouse_detour,per_camera_intact,per_camera,intact,91502,goal_reached,goal_reached,middle_aisle,1,,0,,,,0.03824336730442744,0.049226041864889554,0.05081011768262972,18.37578420574103,28.105,0.32499898985847686,logs/thesis/final_campaign/campaign/seed91502/thesis10_camera_c_inner_warehouse_detour/per_camera_intact/seed91502/attempts/14125b2742b24d4ba26599703bf3cc31/experiment_20260928_011957_723995_7f883b2a697b
thesis10_camera_c_inner_warehouse_detour,per_camera_removal,per_camera,removal,91502,goal_reached,goal_reached,middle_aisle,0,collision,1,13.469000000000001,-2.3612429297969535,-0.26247759781687646,0.04813083415549383,0.23209342572400735,0.08185580324121161,21.407463360039916,51.992000000000004,-0.0018072224280475185,logs/thesis/final_campaign/campaign/seed91502/thesis10_camera_c_inner_warehouse_detour/per_camera_removal/seed91502/attempts/f40ae6615be44258829b8f932cf4ace8/experiment_20260928_012212_615680_8cc46b96a502
thesis10_camera_c_inner_warehouse_detour,spatial_intact,spatial,intact,91502,goal_reached,goal_reached,middle_aisle,1,,0,,,,0.05023229314713512,0.04185480411516169,0.051334491396157554,18.3364532073125,26.005000000000003,0.32499898985847686,logs/thesis/final_campaign/campaign/seed91502/thesis10_camera_c_inner_warehouse_detour/spatial_intact/seed91502/attempts/9eb1da226cfe4c8f8c8b2eabbfd121ba/experiment_20260928_012702_223148_77d0076bc7fb
thesis10_camera_c_inner_warehouse_detour,spatial_removal,spatial,removal,91502,goal_reached,goal_reached,north_east_lanes,1,,0,,,,0.04166753531174528,0.03427850413571037,0.037895007375611585,18.495510240272083,26.698000000000004,0.2006160478088818,logs/thesis/final_campaign/campaign/seed91502/thesis10_camera_c_inner_warehouse_detour/spatial_removal/seed91502/attempts/127b8091303b4a7788c13380e602f56d/experiment_20260928_012837_863693_c464c3ce1307
thesis10_camera_e_eastern_detour,global_intact,global,intact,91502,goal_reached,goal_reached,upper_crossing,1,,0,,,,0.0588966746307022,0.029165176110184786,0.042015079771073965,23.861161329610777,32.896,0.2964906983254192,logs/thesis/final_campaign/campaign/seed91502/thesis10_camera_e_eastern_detour/global_intact/seed91502/attempts/1fb196c238d944609746226e68477105/experiment_20260928_013003_152033_cba377256c1a
thesis10_camera_e_eastern_detour,global_removal,global,removal,91502,goal_reached,goal_reached,upper_crossing,1,,0,,,,0.06047309849985804,0.042277617637796146,0.05046300176097046,23.97786489009285,33.398,0.310526587510644,logs/thesis/final_campaign/campaign/seed91502/thesis10_camera_e_eastern_detour/global_removal/seed91502/attempts/46a3a401f90048bfb471842aa5792e4f/experiment_20260928_013300_333315_8e333c0f73dd
thesis10_camera_e_eastern_detour,per_camera_intact,per_camera,intact,91502,goal_reached,goal_reached,upper_crossing,1,,0,,,,0.04541362447545261,0.04147915681629254,0.04373599814996127,23.89599600228205,33.595,0.2536270168450816,logs/thesis/final_campaign/campaign/seed91502/thesis10_camera_e_eastern_detour/per_camera_intact/seed91502/attempts/83e6be7fc2bc415d85cbe526ffc8bf93/experiment_20260928_013527_206809_58181b42641e
thesis10_camera_e_eastern_detour,per_camera_removal,per_camera,removal,91502,goal_reached,goal_reached,upper_crossing,1,,0,,,,0.05601884293370368,0.04322678728825746,0.04184630470270111,23.87164733030463,33.796,0.2927857584918474,logs/thesis/final_campaign/campaign/seed91502/thesis10_camera_e_eastern_detour/per_camera_removal/seed91502/attempts/05353afeabb944ac927680292446bb1c/experiment_20260928_013641_395166_5444070bfb0a
thesis10_camera_e_eastern_detour,spatial_intact,spatial,intact,91502,goal_reached,goal_reached,upper_crossing,1,,0,,,,0.05759403482307153,0.02507554986575592,0.03497139672770409,23.844184440014672,32.598000000000006,0.3377154736979797,logs/thesis/final_campaign/campaign/seed91502/thesis10_camera_e_eastern_detour/spatial_intact/seed91502/attempts/67cb374e41ab4511a44ae805f8f19023/experiment_20260928_013855_384437_88749b1cb0d5
thesis10_camera_e_eastern_detour,spatial_removal,spatial,removal,91502,goal_reached,goal_reached,upper_crossing,1,,0,,,,0.05983628138892378,0.0345214682301373,0.043886335988566144,23.780532024053393,32.397999999999996,0.35425314980541067,logs/thesis/final_campaign/campaign/seed91502/thesis10_camera_e_eastern_detour/spatial_removal/seed91502/attempts/6bfefaf79fd447cdb0abfcccffc83147/experiment_20260928_014251_514547_f767ee313112
thesis10_camera_e_long_cross_warehouse_detour,global_intact,global,intact,91502,goal_reached,goal_reached,middle_connector,1,,0,,,,0.04572913746491432,0.04038673245995564,0.03632747561312127,30.614049356365385,44.193,0.24999999998718714,logs/thesis/final_campaign/campaign/seed91502/thesis10_camera_e_long_cross_warehouse_detour/global_intact/seed91502/attempts/0342429b104b4ad6ae168f7fb27e7623/experiment_20260928_014559_886057_1205b0baa74b
thesis10_camera_e_long_cross_warehouse_detour,global_removal,global,removal,91502,goal_reached,goal_reached,middle_connector,1,,0,,,,0.049733132008983015,0.04127316521581753,0.04465856366429698,30.590291093835265,46.402,0.20354387656287187,logs/thesis/final_campaign/campaign/seed91502/thesis10_camera_e_long_cross_warehouse_detour/global_removal/seed91502/attempts/6668fa255d344faab49e1d8915df5aeb/experiment_20260928_014930_628882_2cb661f35662
thesis10_camera_e_long_cross_warehouse_detour,per_camera_intact,per_camera,intact,91502,goal_reached,goal_reached,middle_connector,1,,0,,,,0.048328523251394744,0.05936616671239812,0.062236915539716095,30.658028362504737,46.006,0.2376455251237428,logs/thesis/final_campaign/campaign/seed91502/thesis10_camera_e_long_cross_warehouse_detour/per_camera_intact/seed91502/attempts/e58af63373a64d288f966944ac8096bb/experiment_20260928_015146_524963_acbae6578760
thesis10_camera_e_long_cross_warehouse_detour,per_camera_removal,per_camera,removal,91502,goal_reached,goal_reached,middle_connector,1,,0,,,,0.059942142994714114,0.04293286046528961,0.04496036505603491,30.551904642565642,44.098,0.24999999998718714,logs/thesis/final_campaign/campaign/seed91502/thesis10_camera_e_long_cross_warehouse_detour/per_camera_removal/seed91502/attempts/49f02d0d60ac4029bcbd60ce61cbc2bb/experiment_20260928_015327_710504_229371afda53
thesis10_camera_e_long_cross_warehouse_detour,spatial_intact,spatial,intact,91502,goal_reached,goal_reached,upper_crossing,1,,0,,,,0.05264419805399869,0.025978604454047184,0.025445478367807525,32.08948857550154,45.495000000000005,0.18022512319479667,logs/thesis/final_campaign/campaign/seed91502/thesis10_camera_e_long_cross_warehouse_detour/spatial_intact/seed91502/attempts/7fa1a5848878419d8f6417bab8122274/experiment_20260928_015650_431496_a6421a058a4e
thesis10_camera_e_long_cross_warehouse_detour,spatial_removal,spatial,removal,91502,goal_reached,goal_reached,middle_connector,1,,0,,,,0.06158805251291966,0.029258440865963815,0.03614241093653643,30.583635104804127,42.49700000000001,0.24999999998718714,logs/thesis/final_campaign/campaign/seed91502/thesis10_camera_e_long_cross_warehouse_detour/spatial_removal/seed91502/attempts/624473cac832430886a6d7dc08bdd692/experiment_20260928_020021_189620_ab1bd8640dbc
